"FUN_BUSINESS_UNIT.Name","ModuleId","ConfigurationStatus","CreatedBy","CreationDate","LastUpdatedBy","LastUpdateDate","LastUpdateLogin"
"Afterpay Asia Pte. Ltd (previously Touchcorp Asia) (SG) - 203","80","Y","viyan@squareup.com","2022/06/09 10:15:12.0","viyan@squareup.com","2022/06/09 10:15:12.031","E0F8A667A219DD8AE0539696500A8687"
"Afterpay Asia Pte. Ltd (previously Touchcorp Asia) (SG) - 203","120","Y","viyan@squareup.com","2022/06/09 10:15:12.004","viyan@squareup.com","2022/06/09 10:15:12.032","E0F8A667A219DD8AE0539696500A8687"
"Afterpay Australia Pty Ltd (AU) - 268","80","Y","viyan@squareup.com","2022/06/09 09:52:55.0","viyan@squareup.com","2022/06/09 09:52:55.043","E0F8A667A219DD8AE0539696500A8687"
"Afterpay Australia Pty Ltd (AU) - 268","120","Y","viyan@squareup.com","2022/06/09 09:52:55.007","viyan@squareup.com","2022/06/09 09:52:55.044","E0F8A667A219DD8AE0539696500A8687"
"Afterpay Canada Limited (CA) - 153","80","Y","viyan@squareup.com","2022/06/09 10:06:08.0","viyan@squareup.com","2022/06/09 10:06:08.034","E0F8A667A219DD8AE0539696500A8687"
"Afterpay Canada Limited (CA) - 153","120","Y","viyan@squareup.com","2022/06/09 10:06:08.009","viyan@squareup.com","2022/06/09 10:06:08.036","E0F8A667A219DD8AE0539696500A8687"
"Afterpay Corporate Services Pty Ltd (AU) - 264","80","Y","viyan@squareup.com","2022/06/09 09:51:58.0","viyan@squareup.com","2022/06/09 09:51:58.035","E0F8A667A219DD8AE0539696500A8687"
"Afterpay Corporate Services Pty Ltd (AU) - 264","120","Y","viyan@squareup.com","2022/06/09 09:51:58.007","viyan@squareup.com","2022/06/09 09:51:58.036","E0F8A667A219DD8AE0539696500A8687"
"Afterpay Information Technology Service (Shanghai) Co., Ltd. (CN) - 221","80","Y","viyan@squareup.com","2022/06/09 10:12:21.0","viyan@squareup.com","2022/06/09 10:12:21.03","E0F8A667A219DD8AE0539696500A8687"
"Afterpay Information Technology Service (Shanghai) Co., Ltd. (CN) - 221","120","Y","viyan@squareup.com","2022/06/09 10:12:21.005","viyan@squareup.com","2022/06/09 10:12:21.031","E0F8A667A219DD8AE0539696500A8687"
"Afterpay NZ Limited (NZ) - 231","80","Y","viyan@squareup.com","2022/06/09 10:13:29.0","viyan@squareup.com","2022/06/09 10:13:29.263","E0F8A667A219DD8AE0539696500A8687"
"Afterpay NZ Limited (NZ) - 231","120","Y","viyan@squareup.com","2022/06/09 10:13:29.045","viyan@squareup.com","2022/06/09 10:13:29.267","E0F8A667A219DD8AE0539696500A8687"
"Afterpay Pty Ltd (AU) - 261","80","Y","viyan@squareup.com","2022/06/09 09:50:28.0","viyan@squareup.com","2022/06/09 09:50:28.429","E0F8A667A219DD8AE0539696500A8687"
"Afterpay Pty Ltd (AU) - 261","120","Y","viyan@squareup.com","2022/06/09 09:50:28.086","viyan@squareup.com","2022/06/09 09:50:28.44","E0F8A667A219DD8AE0539696500A8687"
"Afterpay US Services, LLC (US)-144","80","Y","viyan@squareup.com","2022/06/09 10:24:14.0","viyan@squareup.com","2022/06/09 10:24:14.156","E0F8A667A219DD8AE0539696500A8687"
"Afterpay US Services, LLC (US)-144","120","Y","viyan@squareup.com","2022/06/09 10:24:14.006","viyan@squareup.com","2022/06/09 10:24:14.158","E0F8A667A219DD8AE0539696500A8687"
"Afterpay US, Inc. (US) - 141","80","Y","viyan@squareup.com","2022/06/09 10:22:53.0","viyan@squareup.com","2022/06/09 10:22:53.031","E0F8A667A219DD8AE0539696500A8687"
"Afterpay US, Inc. (US) - 141","120","Y","viyan@squareup.com","2022/06/09 10:22:53.005","viyan@squareup.com","2022/06/09 10:22:53.033","E0F8A667A219DD8AE0539696500A8687"
"Aspiro AB (SE) - 320","80","Y","viyan@squareup.com","2021/12/15 09:25:17.0","viyan@squareup.com","2021/12/15 09:25:17.052","D134B5C991DDB154E053A062500A57A9"
"Aspiro AB (SE) - 320","120","Y","viyan@squareup.com","2021/12/15 09:25:17.009","viyan@squareup.com","2021/12/15 09:25:17.054","D134B5C991DDB154E053A062500A57A9"
"Australia","10","Y","pavan1@squareup.com","2018/09/28 05:39:49.0","pavan1@squareup.com","2018/09/28 05:39:51.01","760586B287BC72C3E053120C1B0A194C"
"Australia","20","Y","pavan1@squareup.com","2018/09/28 05:39:49.009","pavan1@squareup.com","2018/09/28 05:39:51.014","760586B287BC72C3E053120C1B0A194C"
"Australia","30","Y","mukund1@squareup.com","2018/09/27 18:55:11.0","mukund1@squareup.com","2018/09/27 18:55:11.931","76058A3A4B2D72FAE053120C1B0AD89D"
"Australia","40","Y","mukund1@squareup.com","2018/09/27 18:55:11.044","mukund1@squareup.com","2018/09/27 18:55:11.937","76058A3A4B2D72FAE053120C1B0AD89D"
"Australia","70","Y","mukund1@squareup.com","2018/09/27 18:55:11.04","mukund1@squareup.com","2018/09/27 18:55:11.935","76058A3A4B2D72FAE053120C1B0AD89D"
"Australia","80","Y","venkat@squareup.com","2018/09/28 02:38:14.0","venkat@squareup.com","2018/09/28 02:38:14.303","76058A156AB67316E053120C1B0A6758"
"Australia","90","Y","mukund1@squareup.com","2018/09/27 18:55:11.042","mukund1@squareup.com","2018/09/27 18:55:11.937","76058A3A4B2D72FAE053120C1B0AD89D"
"Australia","110","Y","venkat@squareup.com","2018/09/28 02:38:14.055","venkat@squareup.com","2018/09/28 02:38:14.306","76058A156AB67316E053120C1B0A6758"
"Australia","120","Y","venkat@squareup.com","2018/09/28 02:39:40.007","venkat@squareup.com","2018/09/28 02:39:43.941","76058A156AB67316E053120C1B0A6758"
"Australia","130","Y","venkat@squareup.com","2018/09/28 02:39:40.0","venkat@squareup.com","2018/09/28 02:39:43.939","76058A156AB67316E053120C1B0A6758"
"Australia","140","Y","mukund1@squareup.com","2018/09/27 18:55:11.046","mukund1@squareup.com","2018/09/27 18:55:11.938","76058A3A4B2D72FAE053120C1B0AD89D"
"Australia","190","Y","mukund1@squareup.com","2018/09/27 18:55:11.049","mukund1@squareup.com","2018/09/27 18:55:11.939","76058A3A4B2D72FAE053120C1B0AD89D"
"Bitcoin HW NL","10","Y","viyan@squareup.com","2023/06/12 16:58:51.015","viyan@squareup.com","2023/06/12 16:58:53.742","FDE9BBC9A9FAC4FDE0539696500A8BAE"
"Bitcoin HW NL","20","Y","viyan@squareup.com","2023/06/12 16:58:51.017","viyan@squareup.com","2023/06/12 16:58:53.743","FDE9BBC9A9FAC4FDE0539696500A8BAE"
"Bitcoin HW NL","30","Y","viyan@squareup.com","2023/06/12 16:58:51.0","viyan@squareup.com","2023/06/12 16:58:53.736","FDE9BBC9A9FAC4FDE0539696500A8BAE"
"Bitcoin HW NL","40","Y","viyan@squareup.com","2023/06/12 16:58:51.008","viyan@squareup.com","2023/06/12 16:58:53.739","FDE9BBC9A9FAC4FDE0539696500A8BAE"
"Bitcoin HW NL","70","Y","viyan@squareup.com","2023/06/12 16:58:51.005","viyan@squareup.com","2023/06/12 16:58:53.737","FDE9BBC9A9FAC4FDE0539696500A8BAE"
"Bitcoin HW NL","80","Y","viyan@squareup.com","2023/06/12 16:58:51.013","viyan@squareup.com","2023/06/12 16:58:53.741","FDE9BBC9A9FAC4FDE0539696500A8BAE"
"Bitcoin HW NL","90","Y","viyan@squareup.com","2023/06/12 16:58:51.007","viyan@squareup.com","2023/06/12 16:58:53.738","FDE9BBC9A9FAC4FDE0539696500A8BAE"
"Bitcoin HW NL","110","Y","viyan@squareup.com","2023/06/12 16:58:51.019","viyan@squareup.com","2023/06/12 16:58:53.743","FDE9BBC9A9FAC4FDE0539696500A8BAE"
"Bitcoin HW NL","120","Y","viyan@squareup.com","2023/06/12 16:58:51.022","viyan@squareup.com","2023/06/12 16:58:53.745","FDE9BBC9A9FAC4FDE0539696500A8BAE"
"Bitcoin HW NL","130","Y","viyan@squareup.com","2023/06/12 16:59:33.0","viyan@squareup.com","2023/06/12 16:59:34.841","FDE9BBC9A9FAC4FDE0539696500A8BAE"
"Bitcoin HW NL","140","Y","viyan@squareup.com","2023/06/12 16:58:51.01","viyan@squareup.com","2023/06/12 16:58:53.74","FDE9BBC9A9FAC4FDE0539696500A8BAE"
"Bitcoin HW NL","180","Y","viyan@squareup.com","2023/06/12 16:58:51.021","viyan@squareup.com","2023/06/12 16:58:53.744","FDE9BBC9A9FAC4FDE0539696500A8BAE"
"Bitcoin HW NL","190","Y","viyan@squareup.com","2023/06/12 16:58:51.012","viyan@squareup.com","2023/06/12 16:58:53.741","FDE9BBC9A9FAC4FDE0539696500A8BAE"
"Bitcoin HW NL","200","Y","viyan@squareup.com","2023/06/12 16:58:51.023","viyan@squareup.com","2023/06/12 16:58:53.746","FDE9BBC9A9FAC4FDE0539696500A8BAE"
"Bitcoin HW US","10","Y","viyan@squareup.com","2023/06/12 16:56:00.063","viyan@squareup.com","2023/06/12 16:56:03.076","FDE9BBC9A9FAC4FDE0539696500A8BAE"
"Bitcoin HW US","20","Y","viyan@squareup.com","2023/06/12 16:56:00.065","viyan@squareup.com","2023/06/12 16:56:03.076","FDE9BBC9A9FAC4FDE0539696500A8BAE"
"Bitcoin HW US","30","Y","viyan@squareup.com","2023/06/12 16:56:00.0","viyan@squareup.com","2023/06/12 16:56:03.061","FDE9BBC9A9FAC4FDE0539696500A8BAE"
"Bitcoin HW US","40","Y","viyan@squareup.com","2023/06/12 16:56:00.056","viyan@squareup.com","2023/06/12 16:56:03.072","FDE9BBC9A9FAC4FDE0539696500A8BAE"
"Bitcoin HW US","70","Y","viyan@squareup.com","2023/06/12 16:56:00.053","viyan@squareup.com","2023/06/12 16:56:03.069","FDE9BBC9A9FAC4FDE0539696500A8BAE"
"Bitcoin HW US","80","Y","viyan@squareup.com","2023/06/12 16:56:00.062","viyan@squareup.com","2023/06/12 16:56:03.075","FDE9BBC9A9FAC4FDE0539696500A8BAE"
"Bitcoin HW US","90","Y","viyan@squareup.com","2023/06/12 16:56:00.055","viyan@squareup.com","2023/06/12 16:56:03.071","FDE9BBC9A9FAC4FDE0539696500A8BAE"
"Bitcoin HW US","110","Y","viyan@squareup.com","2023/06/12 16:56:00.067","viyan@squareup.com","2023/06/12 16:56:03.077","FDE9BBC9A9FAC4FDE0539696500A8BAE"
"Bitcoin HW US","120","Y","viyan@squareup.com","2023/06/12 16:56:00.073","viyan@squareup.com","2023/06/12 16:56:03.08","FDE9BBC9A9FAC4FDE0539696500A8BAE"
"Bitcoin HW US","130","Y","viyan@squareup.com","2023/06/12 16:56:00.071","viyan@squareup.com","2023/06/12 16:56:03.079","FDE9BBC9A9FAC4FDE0539696500A8BAE"
"Bitcoin HW US","140","Y","viyan@squareup.com","2023/06/12 16:56:00.058","viyan@squareup.com","2023/06/12 16:56:03.073","FDE9BBC9A9FAC4FDE0539696500A8BAE"
"Bitcoin HW US","180","Y","viyan@squareup.com","2023/06/12 16:56:00.069","viyan@squareup.com","2023/06/12 16:56:03.078","FDE9BBC9A9FAC4FDE0539696500A8BAE"
"Bitcoin HW US","190","Y","viyan@squareup.com","2023/06/12 16:56:00.06","viyan@squareup.com","2023/06/12 16:56:03.074","FDE9BBC9A9FAC4FDE0539696500A8BAE"
"Bitcoin HW US","200","Y","viyan@squareup.com","2023/06/12 16:56:00.075","viyan@squareup.com","2023/06/12 16:56:03.08","FDE9BBC9A9FAC4FDE0539696500A8BAE"
"Block Global B.V. (NL) - 311","80","Y","shashi@squareup.com","2023/06/12 17:23:00.0","shashi@squareup.com","2023/06/12 17:23:00.05","FDEF8E7E20A26638E0539696500AA5BC"
"Block Global B.V. (NL) - 311","120","Y","shashi@squareup.com","2023/06/12 17:23:00.013","shashi@squareup.com","2023/06/12 17:23:00.053","FDEF8E7E20A26638E0539696500AA5BC"
"Block XYZ Limited (IE) - 326","80","Y","shashi@squareup.com","2023/02/27 07:23:35.0","shashi@squareup.com","2023/02/27 07:23:35.033","F58B9794253BB9A2E0534893500A6529"
"Block XYZ Limited (IE) - 326","120","Y","shashi@squareup.com","2023/02/27 07:23:35.007","shashi@squareup.com","2023/02/27 07:23:35.034","F58B9794253BB9A2E0534893500A6529"
"Block, Inc. (US) - 101","80","Y","asagade@block.xyz","2024/12/27 07:10:11.0","asagade@block.xyz","2024/12/27 07:10:11.203","2A30E4B8E27C3903E0634893500A8BBB"
"Block, Inc. (US) - 101","120","Y","asagade@block.xyz","2024/12/27 07:10:11.038","asagade@block.xyz","2024/12/27 07:10:11.211","2A30E4B8E27C3903E0634893500A8BBB"
"Block, Inc. (US) - 101","130","Y","asagade@block.xyz","2024/12/27 07:10:11.036","asagade@block.xyz","2024/12/27 07:10:11.209","2A30E4B8E27C3903E0634893500A8BBB"
"Canada","10","Y","pavan@squareup.com","2018/06/07 17:00:08.029","pavan@squareup.com","2018/06/07 17:00:10.627","6B8434832C895673E053140C1B0AE90E"
"Canada","20","Y","pavan@squareup.com","2018/06/07 17:00:08.031","pavan@squareup.com","2018/06/07 17:00:10.627","6B8434832C895673E053140C1B0AE90E"
"Canada","30","Y","pavan@squareup.com","2018/06/07 17:00:08.0","pavan@squareup.com","2018/06/07 17:00:10.618","6B8434832C895673E053140C1B0AE90E"
"Canada","40","Y","pavan@squareup.com","2018/06/07 17:00:08.022","pavan@squareup.com","2018/06/07 17:00:10.624","6B8434832C895673E053140C1B0AE90E"
"Canada","50","Y","pavan@squareup.com","2018/06/07 17:00:08.043","pavan@squareup.com","2018/06/07 17:00:10.634","6B8434832C895673E053140C1B0AE90E"
"Canada","70","Y","pavan@squareup.com","2018/06/07 17:00:08.017","pavan@squareup.com","2018/06/07 17:00:10.622","6B8434832C895673E053140C1B0AE90E"
"Canada","80","Y","pavan@squareup.com","2018/06/07 17:00:08.027","pavan@squareup.com","2018/06/07 17:00:10.626","6B8434832C895673E053140C1B0AE90E"
"Canada","90","Y","pavan@squareup.com","2018/06/07 17:00:08.02","pavan@squareup.com","2018/06/07 17:00:10.623","6B8434832C895673E053140C1B0AE90E"
"Canada","110","Y","pavan@squareup.com","2018/06/07 17:00:08.033","pavan@squareup.com","2018/06/07 17:00:10.628","6B8434832C895673E053140C1B0AE90E"
"Canada","120","Y","pavan@squareup.com","2018/06/07 17:00:08.038","pavan@squareup.com","2018/06/07 17:00:10.631","6B8434832C895673E053140C1B0AE90E"
"Canada","130","Y","pavan@squareup.com","2018/06/07 17:00:08.036","pavan@squareup.com","2018/06/07 17:00:10.63","6B8434832C895673E053140C1B0AE90E"
"Canada","140","Y","pavan@squareup.com","2018/06/07 17:00:08.023","pavan@squareup.com","2018/06/07 17:00:10.625","6B8434832C895673E053140C1B0AE90E"
"Canada","160","Y","pavan@squareup.com","2018/06/07 17:00:08.041","pavan@squareup.com","2018/06/07 17:00:10.633","6B8434832C895673E053140C1B0AE90E"
"Canada","180","Y","pavan@squareup.com","2018/06/07 17:00:08.035","pavan@squareup.com","2018/06/07 17:00:10.629","6B8434832C895673E053140C1B0AE90E"
"Canada","190","Y","pavan@squareup.com","2018/06/07 17:00:08.025","pavan@squareup.com","2018/06/07 17:00:10.625","6B8434832C895673E053140C1B0AE90E"
"Canada","200","Y","pavan@squareup.com","2018/06/07 17:00:08.04","pavan@squareup.com","2018/06/07 17:00:10.633","6B8434832C895673E053140C1B0AE90E"
"Cash App Canada Payments ULC - 154","80","Y","shashi@squareup.com","2023/01/10 11:05:03.0","shashi@squareup.com","2023/01/10 11:05:03.245","F1E3A2B28B69E409E0534893500A64B3"
"Cash App Canada Payments ULC - 154","120","Y","shashi@squareup.com","2023/01/10 11:05:03.048","shashi@squareup.com","2023/01/10 11:05:03.264","F1E3A2B28B69E409E0534893500A64B3"
"Cash App Innovation (IE) Limited - 319","80","Y","abhinand@squareup.com","2021/01/20 06:14:54.0","abhinand@squareup.com","2021/01/20 06:14:54.123","B71C38586F13A12EE053A162500A847A"
"Cash App Innovation (IE) Limited - 319","120","Y","abhinand@squareup.com","2021/01/20 06:14:54.025","abhinand@squareup.com","2021/01/20 06:14:54.127","B71C38586F13A12EE053A162500A847A"
"Cash App Innovation (UK) Ltd - 304","80","Y","abhinand@squareup.com","2021/01/20 06:10:52.0","abhinand@squareup.com","2021/01/20 06:10:52.127","B71C38586F13A12EE053A162500A847A"
"Cash App Innovation (UK) Ltd - 304","120","Y","abhinand@squareup.com","2021/01/20 06:10:52.027","abhinand@squareup.com","2021/01/20 06:10:52.132","B71C38586F13A12EE053A162500A847A"
"Cash App Investing LLC - 114","80","Y","raghavender@squareup.com","2020/07/18 16:33:22.0","raghavender@squareup.com","2020/07/18 16:33:22.302","A618A074D618E635E053120C1B0ADD6D"
"Cash App Investing LLC - 114","120","Y","raghavender@squareup.com","2020/07/18 16:33:22.07","raghavender@squareup.com","2020/07/18 16:33:22.314","A618A074D618E635E053120C1B0ADD6D"
"Cash App Taxes, Inc. (US) - 116","80","Y","vinay@squareup.com","2020/11/12 13:19:23.0","vinay@squareup.com","2020/11/12 13:19:23.233","AD74943EF6D7A4DAE053140C1B0AEF95"
"Cash App Taxes, Inc. (US) - 116","120","Y","vinay@squareup.com","2020/11/12 13:19:23.054","vinay@squareup.com","2020/11/12 13:19:23.24","AD74943EF6D7A4DAE053140C1B0AEF95"
"Cash App World Ltd - 149","80","Y","asagade@block.xyz","2024/01/25 08:18:06.0","asagade@block.xyz","2024/01/25 08:18:06.191","0FB863AF433D216CE0639696500A1714"
"Cash App World Ltd - 149","120","Y","asagade@block.xyz","2024/01/25 08:18:06.036","asagade@block.xyz","2024/01/25 08:18:06.198","0FB863AF433D216CE0639696500A1714"
"China","10","Y","viyan@squareup.com","2023/02/28 12:02:34.044","viyan@squareup.com","2023/02/28 12:02:36.331","F5C24CCD9AF7ACFBE0539696500AE590"
"China","20","Y","viyan@squareup.com","2023/02/28 12:02:34.047","viyan@squareup.com","2023/02/28 12:02:36.332","F5C24CCD9AF7ACFBE0539696500AE590"
"China","40","Y","viyan@squareup.com","2023/02/28 12:02:34.0","viyan@squareup.com","2023/02/28 12:02:36.243","F5C24CCD9AF7ACFBE0539696500AE590"
"China","80","Y","viyan@squareup.com","2023/02/28 12:02:34.04","viyan@squareup.com","2023/02/28 12:02:36.33","F5C24CCD9AF7ACFBE0539696500AE590"
"China","110","Y","viyan@squareup.com","2023/02/28 12:02:34.051","viyan@squareup.com","2023/02/28 12:02:36.333","F5C24CCD9AF7ACFBE0539696500AE590"
"China","180","Y","viyan@squareup.com","2023/02/28 12:02:34.055","viyan@squareup.com","2023/02/28 12:02:36.334","F5C24CCD9AF7ACFBE0539696500AE590"
"China USD","10","Y","viyan@squareup.com","2022/06/09 10:28:10.011","viyan@squareup.com","2022/06/09 10:28:10.574","E0F8A667A219DD8AE0539696500A8687"
"China USD","20","Y","viyan@squareup.com","2022/06/09 10:28:10.012","viyan@squareup.com","2022/06/09 10:28:10.576","E0F8A667A219DD8AE0539696500A8687"
"China USD","30","Y","viyan@squareup.com","2022/06/09 10:28:10.0","viyan@squareup.com","2022/06/09 10:28:10.569","E0F8A667A219DD8AE0539696500A8687"
"China USD","40","Y","viyan@squareup.com","2022/06/09 10:28:10.01","viyan@squareup.com","2022/06/09 10:28:10.574","E0F8A667A219DD8AE0539696500A8687"
"China USD","70","Y","viyan@squareup.com","2022/06/09 10:28:10.007","viyan@squareup.com","2022/06/09 10:28:10.572","E0F8A667A219DD8AE0539696500A8687"
"China USD","90","Y","viyan@squareup.com","2022/06/09 10:28:10.009","viyan@squareup.com","2022/06/09 10:28:10.573","E0F8A667A219DD8AE0539696500A8687"
"China USD","110","Y","viyan@squareup.com","2022/06/09 10:28:10.013","viyan@squareup.com","2022/06/09 10:28:10.576","E0F8A667A219DD8AE0539696500A8687"
"China USD","130","Y","viyan@squareup.com","2022/06/09 10:28:10.015","viyan@squareup.com","2022/06/09 10:28:10.577","E0F8A667A219DD8AE0539696500A8687"
"China USD","180","Y","viyan@squareup.com","2022/06/09 10:28:10.014","viyan@squareup.com","2022/06/09 10:28:10.577","E0F8A667A219DD8AE0539696500A8687"
"China USD","190","Y","viyan@squareup.com","2022/06/09 10:37:44.0","viyan@squareup.com","2022/06/09 10:37:44.025","E0F8A667A219DD8AE0539696500A8687"
"China USD","200","Y","viyan@squareup.com","2022/06/09 10:28:10.016","viyan@squareup.com","2022/06/09 10:28:10.578","E0F8A667A219DD8AE0539696500A8687"
"Clearpay Finance Limited (UK) - 335","80","Y","viyan@squareup.com","2022/06/09 10:21:43.0","viyan@squareup.com","2022/06/09 10:21:43.026","E0F8A667A219DD8AE0539696500A8687"
"Clearpay Finance Limited (UK) - 335","120","Y","viyan@squareup.com","2022/06/09 10:21:43.005","viyan@squareup.com","2022/06/09 10:21:43.028","E0F8A667A219DD8AE0539696500A8687"
"Clearpay S.A.U. (ES) - 338","80","Y","viyan@squareup.com","2022/06/09 10:16:44.0","viyan@squareup.com","2022/06/09 10:16:44.033","E0F8A667A219DD8AE0539696500A8687"
"Clearpay S.A.U. (ES) - 338","120","Y","viyan@squareup.com","2022/06/09 10:16:44.007","viyan@squareup.com","2022/06/09 10:16:44.035","E0F8A667A219DD8AE0539696500A8687"
"Clearpay Technology S.L. (ES) - 339","80","Y","viyan@squareup.com","2022/06/09 10:17:41.0","viyan@squareup.com","2022/06/09 10:17:41.026","E0F8A667A219DD8AE0539696500A8687"
"Clearpay Technology S.L. (ES) - 339","120","Y","viyan@squareup.com","2022/06/09 10:17:41.004","viyan@squareup.com","2022/06/09 10:17:41.027","E0F8A667A219DD8AE0539696500A8687"
"Decentralized Global Payments, SL - 313","80","Y","asagade@block.xyz","2024/01/25 09:09:40.0","asagade@block.xyz","2024/01/25 09:09:40.052","0FB863AF433D216CE0639696500A1714"
"Decentralized Global Payments, SL - 313","120","Y","asagade@block.xyz","2024/01/25 09:09:40.013","asagade@block.xyz","2024/01/25 09:09:40.056","0FB863AF433D216CE0639696500A1714"
"France","10","Y","viyan@squareup.com","2022/09/23 07:01:12.029","viyan@squareup.com","2022/09/23 07:01:15.613","E94C6972173419A6E0539696500A9B13"
"France","20","Y","viyan@squareup.com","2022/09/23 07:01:12.032","viyan@squareup.com","2022/09/23 07:01:15.614","E94C6972173419A6E0539696500A9B13"
"France","40","Y","viyan@squareup.com","2022/09/23 07:01:12.0","viyan@squareup.com","2022/09/23 07:01:15.604","E94C6972173419A6E0539696500A9B13"
"France","80","Y","viyan@squareup.com","2022/09/23 07:01:12.027","viyan@squareup.com","2022/09/23 07:01:15.61","E94C6972173419A6E0539696500A9B13"
"France","110","Y","viyan@squareup.com","2022/09/23 07:01:12.035","viyan@squareup.com","2022/09/23 07:01:15.615","E94C6972173419A6E0539696500A9B13"
"France","120","Y","viyan@squareup.com","2022/09/23 07:01:12.047","viyan@squareup.com","2022/09/23 07:01:20.108","E94C6972173419A6E0539696500A9B13"
"France","130","Y","viyan@squareup.com","2022/09/23 07:01:12.043","viyan@squareup.com","2022/09/23 07:01:15.617","E94C6972173419A6E0539696500A9B13"
"France","160","Y","viyan@squareup.com","2022/09/23 07:01:12.051","viyan@squareup.com","2022/09/23 07:01:20.111","E94C6972173419A6E0539696500A9B13"
"France","180","Y","viyan@squareup.com","2022/09/23 07:01:12.038","viyan@squareup.com","2022/09/23 07:01:15.616","E94C6972173419A6E0539696500A9B13"
"France","200","Y","viyan@squareup.com","2022/09/23 07:01:12.049","viyan@squareup.com","2022/09/23 07:01:20.109","E94C6972173419A6E0539696500A9B13"
"Global Risk Engagement B.V. (TWN) - 215","10","Y","viyan@squareup.com","2021/06/04 06:37:34.221","viyan@squareup.com","2021/06/04 06:37:39.059","C39983A111C2AC4FE053A062500A5750"
"Global Risk Engagement B.V. (TWN) - 215","20","Y","viyan@squareup.com","2021/06/04 06:37:34.226","viyan@squareup.com","2021/06/04 06:37:39.06","C39983A111C2AC4FE053A062500A5750"
"Global Risk Engagement B.V. (TWN) - 215","30","Y","viyan@squareup.com","2021/06/04 06:37:34.0","viyan@squareup.com","2021/06/04 06:37:39.036","C39983A111C2AC4FE053A062500A5750"
"Global Risk Engagement B.V. (TWN) - 215","40","Y","viyan@squareup.com","2021/06/04 06:37:34.19","viyan@squareup.com","2021/06/04 06:37:39.054","C39983A111C2AC4FE053A062500A5750"
"Global Risk Engagement B.V. (TWN) - 215","50","Y","viyan@squareup.com","2021/06/04 06:37:34.263","viyan@squareup.com","2021/06/04 06:37:39.07","C39983A111C2AC4FE053A062500A5750"
"Global Risk Engagement B.V. (TWN) - 215","70","Y","viyan@squareup.com","2021/06/04 06:37:34.186","viyan@squareup.com","2021/06/04 06:37:39.048","C39983A111C2AC4FE053A062500A5750"
"Global Risk Engagement B.V. (TWN) - 215","80","Y","viyan@squareup.com","2021/06/04 06:37:34.216","viyan@squareup.com","2021/06/04 06:37:39.058","C39983A111C2AC4FE053A062500A5750"
"Global Risk Engagement B.V. (TWN) - 215","90","Y","viyan@squareup.com","2021/06/04 06:37:34.188","viyan@squareup.com","2021/06/04 06:37:39.052","C39983A111C2AC4FE053A062500A5750"
"Global Risk Engagement B.V. (TWN) - 215","100","Y","viyan@squareup.com","2021/06/04 06:37:34.235","viyan@squareup.com","2021/06/04 06:37:39.064","C39983A111C2AC4FE053A062500A5750"
"Global Risk Engagement B.V. (TWN) - 215","110","Y","viyan@squareup.com","2021/06/04 06:37:34.23","viyan@squareup.com","2021/06/04 06:37:39.061","C39983A111C2AC4FE053A062500A5750"
"Global Risk Engagement B.V. (TWN) - 215","120","Y","viyan@squareup.com","2021/06/04 06:37:34.248","viyan@squareup.com","2021/06/04 06:37:39.067","C39983A111C2AC4FE053A062500A5750"
"Global Risk Engagement B.V. (TWN) - 215","130","Y","viyan@squareup.com","2021/06/04 06:37:34.239","viyan@squareup.com","2021/06/04 06:37:39.066","C39983A111C2AC4FE053A062500A5750"
"Global Risk Engagement B.V. (TWN) - 215","140","Y","viyan@squareup.com","2021/06/04 06:37:34.193","viyan@squareup.com","2021/06/04 06:37:39.055","C39983A111C2AC4FE053A062500A5750"
"Global Risk Engagement B.V. (TWN) - 215","160","Y","viyan@squareup.com","2021/06/04 06:37:34.258","viyan@squareup.com","2021/06/04 06:37:39.069","C39983A111C2AC4FE053A062500A5750"
"Global Risk Engagement B.V. (TWN) - 215","180","Y","viyan@squareup.com","2021/06/04 06:37:34.233","viyan@squareup.com","2021/06/04 06:37:39.063","C39983A111C2AC4FE053A062500A5750"
"Global Risk Engagement B.V. (TWN) - 215","190","Y","viyan@squareup.com","2021/06/04 06:37:34.198","viyan@squareup.com","2021/06/04 06:37:39.056","C39983A111C2AC4FE053A062500A5750"
"Global Risk Engagement B.V. (TWN) - 215","200","Y","viyan@squareup.com","2021/06/04 06:37:34.254","viyan@squareup.com","2021/06/04 06:37:39.068","C39983A111C2AC4FE053A062500A5750"
"Global Risk Engagement B.V. (TWN) - 215","210","Y","viyan@squareup.com","2021/06/04 06:37:34.206","viyan@squareup.com","2021/06/04 06:37:39.057","C39983A111C2AC4FE053A062500A5750"
"Indonesia IDR","10","Y","viyan@squareup.com","2022/06/09 10:30:34.012","viyan@squareup.com","2022/06/09 10:30:34.083","E0F8A667A219DD8AE0539696500A8687"
"Indonesia IDR","20","Y","viyan@squareup.com","2022/06/09 10:30:34.013","viyan@squareup.com","2022/06/09 10:30:34.084","E0F8A667A219DD8AE0539696500A8687"
"Indonesia IDR","30","Y","viyan@squareup.com","2022/06/09 10:30:34.0","viyan@squareup.com","2022/06/09 10:30:34.078","E0F8A667A219DD8AE0539696500A8687"
"Indonesia IDR","40","Y","viyan@squareup.com","2022/06/09 10:30:34.011","viyan@squareup.com","2022/06/09 10:30:34.082","E0F8A667A219DD8AE0539696500A8687"
"Indonesia IDR","70","Y","viyan@squareup.com","2022/06/09 10:30:34.009","viyan@squareup.com","2022/06/09 10:30:34.08","E0F8A667A219DD8AE0539696500A8687"
"Indonesia IDR","90","Y","viyan@squareup.com","2022/06/09 10:30:34.01","viyan@squareup.com","2022/06/09 10:30:34.081","E0F8A667A219DD8AE0539696500A8687"
"Indonesia IDR","110","Y","viyan@squareup.com","2022/06/09 10:30:34.014","viyan@squareup.com","2022/06/09 10:30:34.084","E0F8A667A219DD8AE0539696500A8687"
"Indonesia IDR","130","Y","viyan@squareup.com","2022/06/09 10:30:34.017","viyan@squareup.com","2022/06/09 10:30:34.086","E0F8A667A219DD8AE0539696500A8687"
"Indonesia IDR","180","Y","viyan@squareup.com","2022/06/09 10:30:34.015","viyan@squareup.com","2022/06/09 10:30:34.085","E0F8A667A219DD8AE0539696500A8687"
"Indonesia IDR","200","Y","viyan@squareup.com","2022/06/09 10:30:34.018","viyan@squareup.com","2022/06/09 10:30:34.087","E0F8A667A219DD8AE0539696500A8687"
"Ireland","10","Y","pavan1@squareup.com","2018/09/28 05:39:27.0","pavan1@squareup.com","2018/09/28 05:39:33.365","7605882A00567306E053120C1B0A33F0"
"Ireland","20","Y","pavan1@squareup.com","2018/09/28 05:39:27.069","pavan1@squareup.com","2018/09/28 05:39:33.368","7605882A00567306E053120C1B0A33F0"
"Ireland","30","Y","mukund1@squareup.com","2018/09/27 20:32:50.0","mukund1@squareup.com","2018/09/27 20:33:36.358","76058F8638D67322E053120C1B0AC78E"
"Ireland","40","Y","mukund1@squareup.com","2018/09/27 20:32:50.05","mukund1@squareup.com","2018/09/27 20:33:36.363","76058F8638D67322E053120C1B0AC78E"
"Ireland","70","Y","mukund1@squareup.com","2018/09/27 20:32:50.044","mukund1@squareup.com","2018/09/27 20:33:36.362","76058F8638D67322E053120C1B0AC78E"
"Ireland","80","Y","mukund1@squareup.com","2018/09/27 20:32:50.056","mukund1@squareup.com","2018/09/27 20:33:36.367","76058F8638D67322E053120C1B0AC78E"
"Ireland","90","Y","mukund1@squareup.com","2018/09/27 20:32:50.046","mukund1@squareup.com","2018/09/27 20:33:36.363","76058F8638D67322E053120C1B0AC78E"
"Ireland","110","Y","venkat@squareup.com","2018/09/28 02:40:18.0","venkat@squareup.com","2018/09/28 02:40:20.252","76058A156AB67316E053120C1B0A6758"
"Ireland","120","Y","venkat@squareup.com","2018/09/28 02:40:18.013","venkat@squareup.com","2018/09/28 02:40:20.254","76058A156AB67316E053120C1B0A6758"
"Ireland","130","Y","venkat@squareup.com","2018/09/28 02:40:18.011","venkat@squareup.com","2018/09/28 02:40:20.253","76058A156AB67316E053120C1B0A6758"
"Ireland","140","Y","mukund1@squareup.com","2018/09/27 20:32:50.051","mukund1@squareup.com","2018/09/27 20:33:36.365","76058F8638D67322E053120C1B0AC78E"
"Ireland","190","Y","mukund1@squareup.com","2018/09/27 20:32:50.054","mukund1@squareup.com","2018/09/27 20:33:36.366","76058F8638D67322E053120C1B0AC78E"
"Japan","10","Y","mukund1@squareup.com","2019/12/19 22:44:38.044","mukund1@squareup.com","2019/12/19 22:44:39.791","9776BD3285B9BEB7E053140C1B0AD257"
"Japan","20","Y","mukund1@squareup.com","2019/12/19 22:44:38.046","mukund1@squareup.com","2019/12/19 22:44:39.792","9776BD3285B9BEB7E053140C1B0AD257"
"Japan","30","Y","mukund1@squareup.com","2019/12/19 22:44:38.0","mukund1@squareup.com","2019/12/19 22:44:39.781","9776BD3285B9BEB7E053140C1B0AD257"
"Japan","40","Y","mukund1@squareup.com","2019/12/19 22:44:38.042","mukund1@squareup.com","2019/12/19 22:44:39.79","9776BD3285B9BEB7E053140C1B0AD257"
"Japan","70","Y","mukund1@squareup.com","2019/12/20 00:36:41.0","mukund1@squareup.com","2019/12/20 00:36:41.345","9776BD3285B9BEB7E053140C1B0AD257"
"Japan","80","Y","mukund1@squareup.com","2019/12/20 00:36:41.102","mukund1@squareup.com","2019/12/20 00:36:41.469","9776BD3285B9BEB7E053140C1B0AD257"
"Japan","90","Y","mukund1@squareup.com","2019/12/20 00:36:41.093","mukund1@squareup.com","2019/12/20 00:36:41.465","9776BD3285B9BEB7E053140C1B0AD257"
"Japan","110","Y","mukund1@squareup.com","2019/12/19 22:44:38.048","mukund1@squareup.com","2019/12/19 22:44:39.793","9776BD3285B9BEB7E053140C1B0AD257"
"Japan","120","Y","mukund1@squareup.com","2019/12/19 22:44:38.054","mukund1@squareup.com","2019/12/19 22:44:39.795","9776BD3285B9BEB7E053140C1B0AD257"
"Japan","130","Y","mukund1@squareup.com","2019/12/19 22:44:38.052","mukund1@squareup.com","2019/12/19 22:44:39.794","9776BD3285B9BEB7E053140C1B0AD257"
"Japan","140","Y","mukund1@squareup.com","2019/12/20 00:36:41.096","mukund1@squareup.com","2019/12/20 00:36:41.467","9776BD3285B9BEB7E053140C1B0AD257"
"Japan","180","Y","mukund1@squareup.com","2019/12/20 00:36:41.105","mukund1@squareup.com","2019/12/20 00:36:41.47","9776BD3285B9BEB7E053140C1B0AD257"
"Japan","190","Y","mukund1@squareup.com","2019/12/20 00:36:41.099","mukund1@squareup.com","2019/12/20 00:36:41.468","9776BD3285B9BEB7E053140C1B0AD257"
"Lithuania","10","Y","vsangavi@squareup.com","2021/01/07 09:04:11.013","vsangavi@squareup.com","2021/01/07 09:04:13.21","B71C11BCFF2B0EA3E053A062500A2500"
"Lithuania","20","Y","vsangavi@squareup.com","2021/01/07 09:04:11.014","vsangavi@squareup.com","2021/01/07 09:04:13.21","B71C11BCFF2B0EA3E053A062500A2500"
"Lithuania","40","Y","vsangavi@squareup.com","2021/01/07 09:04:11.0","vsangavi@squareup.com","2021/01/07 09:04:13.208","B71C11BCFF2B0EA3E053A062500A2500"
"Lithuania","80","Y","vsangavi@squareup.com","2021/01/07 09:04:11.012","vsangavi@squareup.com","2021/01/07 09:04:13.209","B71C11BCFF2B0EA3E053A062500A2500"
"Lithuania","110","Y","vsangavi@squareup.com","2021/01/07 09:04:11.015","vsangavi@squareup.com","2021/01/07 09:04:13.211","B71C11BCFF2B0EA3E053A062500A2500"
"Lithuania","120","Y","vsangavi@squareup.com","2021/01/07 09:04:11.018","vsangavi@squareup.com","2021/01/07 09:04:13.212","B71C11BCFF2B0EA3E053A062500A2500"
"Lithuania","130","Y","vsangavi@squareup.com","2021/01/07 09:04:11.017","vsangavi@squareup.com","2021/01/07 09:04:13.211","B71C11BCFF2B0EA3E053A062500A2500"
"Malibu Entertainment Inc.(US) - 120","80","Y","dhatri@squareup.com","2022/05/27 15:38:43.0","dhatri@squareup.com","2022/05/27 15:38:43.302","DFFE1B7F718E7B0AE0539696500A30DC"
"Malibu Entertainment Inc.(US) - 120","120","Y","dhatri@squareup.com","2022/05/27 15:38:43.063","dhatri@squareup.com","2022/05/27 15:38:43.312","DFFE1B7F718E7B0AE0539696500A30DC"
"Mexico","10","Y","viyan@squareup.com","2022/08/29 02:10:44.056","viyan@squareup.com","2022/08/29 02:10:48.963","E749BBC5E056B47DE0534893500A1424"
"Mexico","20","Y","viyan@squareup.com","2022/08/29 02:10:44.06","viyan@squareup.com","2022/08/29 02:10:48.964","E749BBC5E056B47DE0534893500A1424"
"Mexico","30","Y","viyan@squareup.com","2022/08/29 02:10:44.0","viyan@squareup.com","2022/08/29 02:10:48.952","E749BBC5E056B47DE0534893500A1424"
"Mexico","40","Y","viyan@squareup.com","2022/08/29 02:10:44.051","viyan@squareup.com","2022/08/29 02:10:48.961","E749BBC5E056B47DE0534893500A1424"
"Mexico","80","Y","viyan@squareup.com","2022/08/29 02:10:44.054","viyan@squareup.com","2022/08/29 02:10:48.962","E749BBC5E056B47DE0534893500A1424"
"Mexico","90","Y","viyan@squareup.com","2022/08/29 02:10:44.049","viyan@squareup.com","2022/08/29 02:10:48.958","E749BBC5E056B47DE0534893500A1424"
"Mexico","110","Y","viyan@squareup.com","2022/08/29 02:10:44.062","viyan@squareup.com","2022/08/29 02:10:48.965","E749BBC5E056B47DE0534893500A1424"
"Mexico","120","Y","viyan@squareup.com","2022/08/29 02:10:44.069","viyan@squareup.com","2022/08/29 02:10:48.967","E749BBC5E056B47DE0534893500A1424"
"Mexico","130","Y","viyan@squareup.com","2022/08/29 02:10:44.067","viyan@squareup.com","2022/08/29 02:10:48.966","E749BBC5E056B47DE0534893500A1424"
"Mexico","180","Y","viyan@squareup.com","2022/08/29 02:10:44.064","viyan@squareup.com","2022/08/29 02:10:48.965","E749BBC5E056B47DE0534893500A1424"
"Mexico","200","Y","viyan@squareup.com","2022/08/29 02:10:44.072","viyan@squareup.com","2022/08/29 02:10:48.968","E749BBC5E056B47DE0534893500A1424"
"Netherlands","10","Y","viyan@squareup.com","2021/06/29 09:42:33.079","viyan@squareup.com","2021/06/29 09:42:37.222","C2E8FE3422254FC7E053A162500A04A1"
"Netherlands","20","Y","viyan@squareup.com","2021/06/29 09:42:33.08","viyan@squareup.com","2021/06/29 09:42:37.233","C2E8FE3422254FC7E053A162500A04A1"
"Netherlands","30","Y","viyan@squareup.com","2021/06/29 09:42:33.0","viyan@squareup.com","2021/06/29 09:42:37.123","C2E8FE3422254FC7E053A162500A04A1"
"Netherlands","40","Y","viyan@squareup.com","2021/06/29 09:42:33.074","viyan@squareup.com","2021/06/29 09:42:37.192","C2E8FE3422254FC7E053A162500A04A1"
"Netherlands","50","Y","viyan@squareup.com","2021/06/29 09:42:33.088","viyan@squareup.com","2021/06/29 09:42:37.267","C2E8FE3422254FC7E053A162500A04A1"
"Netherlands","70","Y","viyan@squareup.com","2021/06/29 09:42:33.072","viyan@squareup.com","2021/06/29 09:42:37.148","C2E8FE3422254FC7E053A162500A04A1"
"Netherlands","80","Y","viyan@squareup.com","2021/06/29 09:42:33.078","viyan@squareup.com","2021/06/29 09:42:37.219","C2E8FE3422254FC7E053A162500A04A1"
"Netherlands","90","Y","viyan@squareup.com","2021/06/29 09:42:33.073","viyan@squareup.com","2021/06/29 09:42:37.191","C2E8FE3422254FC7E053A162500A04A1"
"Netherlands","100","Y","viyan@squareup.com","2021/06/29 09:42:33.082","viyan@squareup.com","2021/06/29 09:42:37.237","C2E8FE3422254FC7E053A162500A04A1"
"Netherlands","110","Y","viyan@squareup.com","2021/06/29 09:42:33.081","viyan@squareup.com","2021/06/29 09:42:37.234","C2E8FE3422254FC7E053A162500A04A1"
"Netherlands","120","Y","viyan@squareup.com","2021/06/29 09:42:33.085","viyan@squareup.com","2021/06/29 09:42:37.24","C2E8FE3422254FC7E053A162500A04A1"
"Netherlands","130","Y","viyan@squareup.com","2021/06/29 09:42:33.083","viyan@squareup.com","2021/06/29 09:42:37.239","C2E8FE3422254FC7E053A162500A04A1"
"Netherlands","140","Y","viyan@squareup.com","2021/06/29 09:42:33.075","viyan@squareup.com","2021/06/29 09:42:37.193","C2E8FE3422254FC7E053A162500A04A1"
"Netherlands","160","Y","viyan@squareup.com","2021/06/29 09:42:33.087","viyan@squareup.com","2021/06/29 09:42:37.266","C2E8FE3422254FC7E053A162500A04A1"
"Netherlands","180","Y","viyan@squareup.com","2021/06/29 09:42:33.082","viyan@squareup.com","2021/06/29 09:42:37.236","C2E8FE3422254FC7E053A162500A04A1"
"Netherlands","190","Y","viyan@squareup.com","2021/06/29 09:42:33.076","viyan@squareup.com","2021/06/29 09:42:37.209","C2E8FE3422254FC7E053A162500A04A1"
"Netherlands","200","Y","viyan@squareup.com","2021/06/29 09:42:33.086","viyan@squareup.com","2021/06/29 09:42:37.25","C2E8FE3422254FC7E053A162500A04A1"
"Netherlands","210","Y","viyan@squareup.com","2021/06/29 09:42:33.077","viyan@squareup.com","2021/06/29 09:42:37.211","C2E8FE3422254FC7E053A162500A04A1"
"New Zealand","10","Y","viyan@squareup.com","2022/06/09 10:32:30.01","viyan@squareup.com","2022/06/09 10:32:30.092","E0F8A667A219DD8AE0539696500A8687"
"New Zealand","20","Y","viyan@squareup.com","2022/06/09 10:32:30.011","viyan@squareup.com","2022/06/09 10:32:30.093","E0F8A667A219DD8AE0539696500A8687"
"New Zealand","30","Y","viyan@squareup.com","2022/06/09 10:32:30.0","viyan@squareup.com","2022/06/09 10:32:30.087","E0F8A667A219DD8AE0539696500A8687"
"New Zealand","40","Y","viyan@squareup.com","2022/06/09 10:32:30.007","viyan@squareup.com","2022/06/09 10:32:30.09","E0F8A667A219DD8AE0539696500A8687"
"New Zealand","70","Y","viyan@squareup.com","2022/06/09 10:32:30.005","viyan@squareup.com","2022/06/09 10:32:30.088","E0F8A667A219DD8AE0539696500A8687"
"New Zealand","90","Y","viyan@squareup.com","2022/06/09 10:32:30.006","viyan@squareup.com","2022/06/09 10:32:30.089","E0F8A667A219DD8AE0539696500A8687"
"New Zealand","110","Y","viyan@squareup.com","2022/06/09 10:32:30.013","viyan@squareup.com","2022/06/09 10:32:30.094","E0F8A667A219DD8AE0539696500A8687"
"New Zealand","130","Y","viyan@squareup.com","2022/06/09 10:32:30.016","viyan@squareup.com","2022/06/09 10:32:30.095","E0F8A667A219DD8AE0539696500A8687"
"New Zealand","180","Y","viyan@squareup.com","2022/06/09 10:32:30.015","viyan@squareup.com","2022/06/09 10:32:30.094","E0F8A667A219DD8AE0539696500A8687"
"New Zealand","190","Y","viyan@squareup.com","2022/06/09 10:32:30.008","viyan@squareup.com","2022/06/09 10:32:30.091","E0F8A667A219DD8AE0539696500A8687"
"New Zealand","200","Y","viyan@squareup.com","2022/06/09 10:32:30.018","viyan@squareup.com","2022/06/09 10:32:30.096","E0F8A667A219DD8AE0539696500A8687"
"Pagantis, S.A. (French Branch) (FR) - 341","80","Y","viyan@squareup.com","2022/06/09 10:20:36.0","viyan@squareup.com","2022/06/09 10:20:36.03","E0F8A667A219DD8AE0539696500A8687"
"Pagantis, S.A. (French Branch) (FR) - 341","120","Y","viyan@squareup.com","2022/06/09 10:20:36.005","viyan@squareup.com","2022/06/09 10:20:36.032","E0F8A667A219DD8AE0539696500A8687"
"Pagantis, S.A. (Italian Branch) (IT) - 340","80","Y","viyan@squareup.com","2022/06/09 10:19:23.0","viyan@squareup.com","2022/06/09 10:19:23.035","E0F8A667A219DD8AE0539696500A8687"
"Pagantis, S.A. (Italian Branch) (IT) - 340","120","Y","viyan@squareup.com","2022/06/09 10:19:23.006","viyan@squareup.com","2022/06/09 10:19:23.037","E0F8A667A219DD8AE0539696500A8687"
"Proto Global, LLC - 163","10","Y","jinesh@squareup.com","2025/04/02 17:44:04.077","jinesh@squareup.com","2025/04/02 17:44:10.295","31CAAEC15C115748E0634893500A4910"
"Proto Global, LLC - 163","20","Y","jinesh@squareup.com","2025/04/02 17:44:04.078","jinesh@squareup.com","2025/04/02 17:44:10.296","31CAAEC15C115748E0634893500A4910"
"Proto Global, LLC - 163","30","Y","jinesh@squareup.com","2025/04/02 17:44:04.0","jinesh@squareup.com","2025/04/02 17:44:10.282","31CAAEC15C115748E0634893500A4910"
"Proto Global, LLC - 163","40","Y","jinesh@squareup.com","2025/04/02 17:44:04.071","jinesh@squareup.com","2025/04/02 17:44:10.292","31CAAEC15C115748E0634893500A4910"
"Proto Global, LLC - 163","70","Y","jinesh@squareup.com","2025/04/02 17:44:04.067","jinesh@squareup.com","2025/04/02 17:44:10.288","31CAAEC15C115748E0634893500A4910"
"Proto Global, LLC - 163","80","Y","jinesh@squareup.com","2025/04/02 17:44:04.075","jinesh@squareup.com","2025/04/02 17:44:10.295","31CAAEC15C115748E0634893500A4910"
"Proto Global, LLC - 163","90","Y","jinesh@squareup.com","2025/04/02 17:44:04.069","jinesh@squareup.com","2025/04/02 17:44:10.291","31CAAEC15C115748E0634893500A4910"
"Proto Global, LLC - 163","110","Y","jinesh@squareup.com","2025/04/02 17:44:04.079","jinesh@squareup.com","2025/04/02 17:44:10.297","31CAAEC15C115748E0634893500A4910"
"Proto Global, LLC - 163","120","Y","jinesh@squareup.com","2025/04/02 17:44:04.084","jinesh@squareup.com","2025/04/02 17:44:10.3","31CAAEC15C115748E0634893500A4910"
"Proto Global, LLC - 163","130","Y","jinesh@squareup.com","2025/04/02 17:44:04.082","jinesh@squareup.com","2025/04/02 17:44:10.299","31CAAEC15C115748E0634893500A4910"
"Proto Global, LLC - 163","140","Y","jinesh@squareup.com","2025/04/02 17:44:04.072","jinesh@squareup.com","2025/04/02 17:44:10.293","31CAAEC15C115748E0634893500A4910"
"Proto Global, LLC - 163","180","Y","jinesh@squareup.com","2025/04/02 17:44:04.081","jinesh@squareup.com","2025/04/02 17:44:10.298","31CAAEC15C115748E0634893500A4910"
"Proto Global, LLC - 163","190","Y","jinesh@squareup.com","2025/04/02 17:44:04.074","jinesh@squareup.com","2025/04/02 17:44:10.294","31CAAEC15C115748E0634893500A4910"
"Proto Global, LLC - 163","200","Y","jinesh@squareup.com","2025/04/02 17:44:04.085","jinesh@squareup.com","2025/04/02 17:44:10.3","31CAAEC15C115748E0634893500A4910"
"Singapore SGD","10","Y","viyan@squareup.com","2022/06/09 10:35:38.009","viyan@squareup.com","2022/06/09 10:35:38.332","E0F8A667A219DD8AE0539696500A8687"
"Singapore SGD","20","Y","viyan@squareup.com","2022/06/09 10:35:38.01","viyan@squareup.com","2022/06/09 10:35:38.333","E0F8A667A219DD8AE0539696500A8687"
"Singapore SGD","30","Y","viyan@squareup.com","2022/06/09 10:35:38.0","viyan@squareup.com","2022/06/09 10:35:38.325","E0F8A667A219DD8AE0539696500A8687"
"Singapore SGD","40","Y","viyan@squareup.com","2022/06/09 10:35:38.007","viyan@squareup.com","2022/06/09 10:35:38.329","E0F8A667A219DD8AE0539696500A8687"
"Singapore SGD","70","Y","viyan@squareup.com","2022/06/09 10:35:38.005","viyan@squareup.com","2022/06/09 10:35:38.327","E0F8A667A219DD8AE0539696500A8687"
"Singapore SGD","90","Y","viyan@squareup.com","2022/06/09 10:35:38.006","viyan@squareup.com","2022/06/09 10:35:38.328","E0F8A667A219DD8AE0539696500A8687"
"Singapore SGD","110","Y","viyan@squareup.com","2022/06/09 10:35:38.012","viyan@squareup.com","2022/06/09 10:35:38.333","E0F8A667A219DD8AE0539696500A8687"
"Singapore SGD","130","Y","viyan@squareup.com","2022/06/09 10:35:38.014","viyan@squareup.com","2022/06/09 10:35:38.336","E0F8A667A219DD8AE0539696500A8687"
"Singapore SGD","180","Y","viyan@squareup.com","2022/06/09 10:35:38.013","viyan@squareup.com","2022/06/09 10:35:38.335","E0F8A667A219DD8AE0539696500A8687"
"Singapore SGD","190","Y","viyan@squareup.com","2022/06/09 10:35:38.008","viyan@squareup.com","2022/06/09 10:35:38.329","E0F8A667A219DD8AE0539696500A8687"
"Singapore SGD","200","Y","viyan@squareup.com","2022/06/09 10:35:38.015","viyan@squareup.com","2022/06/09 10:35:38.337","E0F8A667A219DD8AE0539696500A8687"
"Snackskal AB (SE) - 316","80","Y","shashi@squareup.com","2023/02/27 07:22:11.0","shashi@squareup.com","2023/02/27 07:22:11.031","F58B9794253BB9A2E0534893500A6529"
"Snackskal AB (SE) - 316","120","Y","shashi@squareup.com","2023/02/27 07:22:11.006","shashi@squareup.com","2023/02/27 07:22:11.033","F58B9794253BB9A2E0534893500A6529"
"Spain","10","Y","vsangavi@squareup.com","2021/01/07 09:01:20.107","vsangavi@squareup.com","2021/01/07 09:01:30.066","B71C11BCFF2B0EA3E053A062500A2500"
"Spain","20","Y","vsangavi@squareup.com","2021/01/07 09:01:20.117","vsangavi@squareup.com","2021/01/07 09:01:30.067","B71C11BCFF2B0EA3E053A062500A2500"
"Spain","30","Y","viyan@squareup.com","2022/06/21 07:27:36.0","viyan@squareup.com","2022/06/21 07:27:40.41","E120B39186170BB1E0534893500A68B5"
"Spain","40","Y","vsangavi@squareup.com","2021/01/07 09:01:20.0","vsangavi@squareup.com","2021/01/07 09:01:30.059","B71C11BCFF2B0EA3E053A062500A2500"
"Spain","70","Y","viyan@squareup.com","2022/06/21 07:27:36.179","viyan@squareup.com","2022/06/21 07:27:40.498","E120B39186170BB1E0534893500A68B5"
"Spain","80","Y","vsangavi@squareup.com","2021/01/07 09:01:20.105","vsangavi@squareup.com","2021/01/07 09:01:30.065","B71C11BCFF2B0EA3E053A062500A2500"
"Spain","90","Y","viyan@squareup.com","2022/06/21 07:27:36.184","viyan@squareup.com","2022/06/21 07:27:40.502","E120B39186170BB1E0534893500A68B5"
"Spain","110","Y","vsangavi@squareup.com","2021/01/07 09:01:20.119","vsangavi@squareup.com","2021/01/07 09:01:30.067","B71C11BCFF2B0EA3E053A062500A2500"
"Spain","120","Y","vsangavi@squareup.com","2021/01/07 09:01:20.129","vsangavi@squareup.com","2021/01/07 09:01:30.068","B71C11BCFF2B0EA3E053A062500A2500"
"Spain","130","Y","vsangavi@squareup.com","2021/01/07 09:01:20.122","vsangavi@squareup.com","2021/01/07 09:01:30.068","B71C11BCFF2B0EA3E053A062500A2500"
"Spain","200","Y","viyan@squareup.com","2022/06/21 07:27:36.187","viyan@squareup.com","2022/06/21 07:27:40.504","E120B39186170BB1E0534893500A68B5"
"Square AU Pty Ltd (AU) - 250","80","Y","asagade@block.xyz","2024/12/27 07:13:03.0","asagade@block.xyz","2024/12/27 07:13:03.031","2A30E4B8E27C3903E0634893500A8BBB"
"Square AU Pty Ltd (AU) - 250","120","Y","asagade@block.xyz","2024/12/27 07:13:03.006","asagade@block.xyz","2024/12/27 07:13:03.033","2A30E4B8E27C3903E0634893500A8BBB"
"Square AU Pty Ltd (AU) - 250","130","Y","asagade@block.xyz","2024/12/27 07:13:03.005","asagade@block.xyz","2024/12/27 07:13:03.032","2A30E4B8E27C3903E0634893500A8BBB"
"Square Canada Inc (CA) - 151","80","Y","asagade@block.xyz","2024/03/15 13:41:49.0","asagade@block.xyz","2024/03/15 13:41:49.241","13936BAF919ADBA9E0634893500AC10D"
"Square Canada Inc (CA) - 151","110","Y","edwardj@block.xyz","2024/12/23 20:14:03.0","edwardj@block.xyz","2024/12/23 20:14:03.695","29F3F75530AF9E75E0634893500AA2CE"
"Square Canada Inc (CA) - 151","120","Y","asagade@block.xyz","2024/03/15 13:41:49.069","asagade@block.xyz","2024/03/15 13:41:49.247","13936BAF919ADBA9E0634893500AC10D"
"Square Capel (IE) Limited - 318","80","Y","abhinand@squareup.com","2021/01/20 06:12:56.0","abhinand@squareup.com","2021/01/20 06:12:56.105","B71C38586F13A12EE053A162500A847A"
"Square Capel (IE) Limited - 318","120","Y","abhinand@squareup.com","2021/01/20 06:12:56.013","abhinand@squareup.com","2021/01/20 06:12:56.107","B71C38586F13A12EE053A162500A847A"
"Square Capital LLC (US) - 108","80","Y","shashi@squareup.com","2024/07/11 11:10:29.0","shashi@squareup.com","2024/07/11 11:10:29.038","1CF041EDD0555051E0639696500A321C"
"Square Capital LLC (US) - 108","120","Y","shashi@squareup.com","2024/07/11 11:10:29.006","shashi@squareup.com","2024/07/11 11:10:29.04","1CF041EDD0555051E0639696500A321C"
"Square Financial Services (US) - 131","10","Y","srimanth@squareup.com","2021/02/26 18:53:32.055","srimanth@squareup.com","2021/02/26 18:53:32.64","BBD527FC822E1668E053A062500AEA1E"
"Square Financial Services (US) - 131","20","Y","srimanth@squareup.com","2021/02/26 18:53:32.056","srimanth@squareup.com","2021/02/26 18:53:32.642","BBD527FC822E1668E053A062500AEA1E"
"Square Financial Services (US) - 131","80","Y","srimanth@squareup.com","2021/02/26 18:53:32.0","srimanth@squareup.com","2021/02/26 18:53:32.632","BBD527FC822E1668E053A062500AEA1E"
"Square Financial Services (US) - 131","110","Y","srimanth@squareup.com","2021/02/26 18:53:32.058","srimanth@squareup.com","2021/02/26 18:53:32.643","BBD527FC822E1668E053A062500AEA1E"
"Square Financial Services (US) - 131","120","Y","srimanth@squareup.com","2021/02/26 18:53:32.059","srimanth@squareup.com","2021/02/26 18:53:32.644","BBD527FC822E1668E053A062500AEA1E"
"Square International Services Inc (US) - 103","80","Y","shashi@squareup.com","2024/07/11 11:09:03.0","shashi@squareup.com","2024/07/11 11:09:03.188","1CF041EDD0555051E0639696500A321C"
"Square International Services Inc (US) - 103","120","Y","shashi@squareup.com","2024/07/11 11:09:03.038","shashi@squareup.com","2024/07/11 11:09:03.195","1CF041EDD0555051E0639696500A321C"
"Square K.K. (JP) - 210","80","Y","asagade@block.xyz","2024/12/27 07:11:04.0","asagade@block.xyz","2024/12/27 07:11:04.038","2A30E4B8E27C3903E0634893500A8BBB"
"Square K.K. (JP) - 210","120","Y","asagade@block.xyz","2024/12/27 07:11:04.007","asagade@block.xyz","2024/12/27 07:11:04.041","2A30E4B8E27C3903E0634893500A8BBB"
"Square K.K. (JP) - 210","130","Y","asagade@block.xyz","2024/12/27 07:11:04.005","asagade@block.xyz","2024/12/27 07:11:04.04","2A30E4B8E27C3903E0634893500A8BBB"
"Square Technologies, Inc (CA) - 152","80","Y","asagade@block.xyz","2024/03/15 13:42:41.0","asagade@block.xyz","2024/03/15 13:42:41.029","13936BAF919ADBA9E0634893500AC10D"
"Square Technologies, Inc (CA) - 152","120","Y","asagade@block.xyz","2024/03/15 13:42:41.005","asagade@block.xyz","2024/03/15 13:42:41.031","13936BAF919ADBA9E0634893500AC10D"
"Square Trading (Shenzhen) Company Limited (CN) - 220","80","Y","shashi@squareup.com","2023/06/12 09:52:12.0","shashi@squareup.com","2023/06/12 09:52:12.199","FDD77986A9B633F0E0539696500AC459"
"Square Trading (Shenzhen) Company Limited (CN) - 220","120","Y","shashi@squareup.com","2023/06/12 09:52:12.046","shashi@squareup.com","2023/06/12 09:52:12.205","FDD77986A9B633F0E0539696500AC459"
"Squareup (France) SAS (FR) - 315","80","Y","shashi@squareup.com","2023/02/27 07:20:56.0","shashi@squareup.com","2023/02/27 07:20:56.212","F58B9794253BB9A2E0534893500A6529"
"Squareup (France) SAS (FR) - 315","120","Y","shashi@squareup.com","2023/02/27 07:20:56.042","shashi@squareup.com","2023/02/27 07:20:56.221","F58B9794253BB9A2E0534893500A6529"
"Squareup (UK) Limited - 302","80","Y","asagade@block.xyz","2024/12/27 07:12:01.0","asagade@block.xyz","2024/12/27 07:12:01.036","2A30E4B8E27C3903E0634893500A8BBB"
"Squareup (UK) Limited - 302","120","Y","asagade@block.xyz","2024/12/27 07:12:01.007","asagade@block.xyz","2024/12/27 07:12:01.038","2A30E4B8E27C3903E0634893500A8BBB"
"Squareup (UK) Limited - 302","130","Y","asagade@block.xyz","2024/12/27 07:12:01.005","asagade@block.xyz","2024/12/27 07:12:01.037","2A30E4B8E27C3903E0634893500A8BBB"
"Squareup (UK) Ltd. (UK2) - 302","80","Y","vinay@squareup.com","2020/08/26 09:31:01.0","vinay@squareup.com","2020/08/26 09:31:01.286","AD73E02F28986D52E053120C1B0A0119"
"Squareup (UK) Ltd. (UK2) - 302","120","Y","vinay@squareup.com","2020/08/26 09:31:01.075","vinay@squareup.com","2020/08/26 09:31:01.293","AD73E02F28986D52E053120C1B0A0119"
"Squareup Europe Limited (UK1) - 301","80","Y","vinay@squareup.com","2020/08/26 09:32:53.0","vinay@squareup.com","2020/08/26 09:32:53.089","AD73E02F28986D52E053120C1B0A0119"
"Squareup Europe Limited (UK1) - 301","120","Y","vinay@squareup.com","2020/08/26 09:32:53.019","vinay@squareup.com","2020/08/26 09:32:53.091","AD73E02F28986D52E053120C1B0A0119"
"Squareup GmbH (DE) - 317","10","Y","viyan@squareup.com","2021/08/11 08:25:09.197","viyan@squareup.com","2021/08/11 08:25:13.193","C93943C7E11A7EC1E053A062500A469A"
"Squareup GmbH (DE) - 317","20","Y","viyan@squareup.com","2021/08/11 08:25:09.199","viyan@squareup.com","2021/08/11 08:25:13.194","C93943C7E11A7EC1E053A062500A469A"
"Squareup GmbH (DE) - 317","30","Y","viyan@squareup.com","2021/08/11 08:25:09.0","viyan@squareup.com","2021/08/11 08:25:13.142","C93943C7E11A7EC1E053A062500A469A"
"Squareup GmbH (DE) - 317","40","Y","viyan@squareup.com","2021/08/11 08:25:09.186","viyan@squareup.com","2021/08/11 08:25:13.188","C93943C7E11A7EC1E053A062500A469A"
"Squareup GmbH (DE) - 317","50","Y","viyan@squareup.com","2021/08/11 08:25:09.217","viyan@squareup.com","2021/08/11 08:25:13.203","C93943C7E11A7EC1E053A062500A469A"
"Squareup GmbH (DE) - 317","70","Y","viyan@squareup.com","2021/08/11 08:25:09.181","viyan@squareup.com","2021/08/11 08:25:13.152","C93943C7E11A7EC1E053A062500A469A"
"Squareup GmbH (DE) - 317","80","Y","viyan@squareup.com","2021/08/11 08:25:09.194","viyan@squareup.com","2021/08/11 08:25:13.192","C93943C7E11A7EC1E053A062500A469A"
"Squareup GmbH (DE) - 317","90","Y","viyan@squareup.com","2021/08/11 08:25:09.184","viyan@squareup.com","2021/08/11 08:25:13.187","C93943C7E11A7EC1E053A062500A469A"
"Squareup GmbH (DE) - 317","100","Y","viyan@squareup.com","2021/08/11 08:25:09.206","viyan@squareup.com","2021/08/11 08:25:13.198","C93943C7E11A7EC1E053A062500A469A"
"Squareup GmbH (DE) - 317","110","Y","viyan@squareup.com","2021/08/11 08:25:09.201","viyan@squareup.com","2021/08/11 08:25:13.195","C93943C7E11A7EC1E053A062500A469A"
"Squareup GmbH (DE) - 317","120","Y","viyan@squareup.com","2021/08/11 08:25:09.21","viyan@squareup.com","2021/08/11 08:25:13.2","C93943C7E11A7EC1E053A062500A469A"
"Squareup GmbH (DE) - 317","130","Y","viyan@squareup.com","2021/08/11 08:25:09.208","viyan@squareup.com","2021/08/11 08:25:13.199","C93943C7E11A7EC1E053A062500A469A"
"Squareup GmbH (DE) - 317","140","Y","viyan@squareup.com","2021/08/11 08:25:09.187","viyan@squareup.com","2021/08/11 08:25:13.189","C93943C7E11A7EC1E053A062500A469A"
"Squareup GmbH (DE) - 317","160","Y","viyan@squareup.com","2021/08/11 08:25:09.215","viyan@squareup.com","2021/08/11 08:25:13.202","C93943C7E11A7EC1E053A062500A469A"
"Squareup GmbH (DE) - 317","180","Y","viyan@squareup.com","2021/08/11 08:25:09.203","viyan@squareup.com","2021/08/11 08:25:13.197","C93943C7E11A7EC1E053A062500A469A"
"Squareup GmbH (DE) - 317","190","Y","viyan@squareup.com","2021/08/11 08:25:09.189","viyan@squareup.com","2021/08/11 08:25:13.19","C93943C7E11A7EC1E053A062500A469A"
"Squareup GmbH (DE) - 317","200","Y","viyan@squareup.com","2021/08/11 08:25:09.213","viyan@squareup.com","2021/08/11 08:25:13.201","C93943C7E11A7EC1E053A062500A469A"
"Squareup GmbH (DE) - 317","210","Y","viyan@squareup.com","2021/08/11 08:25:09.192","viyan@squareup.com","2021/08/11 08:25:13.191","C93943C7E11A7EC1E053A062500A469A"
"Squareup International Limited (IE) - 312","80","Y","shashi@squareup.com","2023/11/23 05:13:25.0","shashi@squareup.com","2023/11/23 05:13:25.046","0AC060BC71AC2887E0634893500ABB4D"
"Squareup International Limited (IE) - 312","110","Y","sqfinance@squareup.com","2025/07/30 17:19:02.0","sqfinance@squareup.com","2025/07/30 17:19:03.325","3B290DE756E21FDCE0634893500AD184"
"Squareup International Limited (IE) - 312","120","Y","shashi@squareup.com","2023/11/23 05:13:25.006","shashi@squareup.com","2023/11/23 05:13:25.049","0AC060BC71AC2887E0634893500ABB4D"
"Squareup International Limited, Establecimiento Permanente en Espaa (SP) - 328","80","Y","shashi@squareup.com","2023/03/29 10:54:45.0","shashi@squareup.com","2023/03/29 10:54:45.199","F806E1703F3F78B2E0539696500A9144"
"Squareup International Limited, Establecimiento Permanente en Espaa (SP) - 328","120","Y","shashi@squareup.com","2023/03/29 10:54:45.047","shashi@squareup.com","2023/03/29 10:54:45.207","F806E1703F3F78B2E0539696500A9144"
"Squareup International Limited, Succursale en France (IE) - 329","80","Y","shashi@squareup.com","2023/11/23 05:11:46.0","shashi@squareup.com","2023/11/23 05:11:46.189","0AC060BC71AC2887E0634893500ABB4D"
"Squareup International Limited, Succursale en France (IE) - 329","120","Y","shashi@squareup.com","2023/11/23 05:11:46.038","shashi@squareup.com","2023/11/23 05:11:46.196","0AC060BC71AC2887E0634893500ABB4D"
"Squareup International Services Ltd. (UK3) - 303","80","Y","vinay@squareup.com","2020/08/26 09:34:46.0","vinay@squareup.com","2020/08/26 09:34:46.065","AD73E02F28986D52E053120C1B0A0119"
"Squareup International Services Ltd. (UK3) - 303","120","Y","vinay@squareup.com","2020/08/26 09:34:46.017","vinay@squareup.com","2020/08/26 09:34:46.067","AD73E02F28986D52E053120C1B0A0119"
"Squareup Mexico, S. de R.L. de C.V. (MX) - 504","80","Y","shashi@squareup.com","2023/02/09 10:47:54.0","shashi@squareup.com","2023/02/09 10:47:54.189","F43FD2209D874A57E0539696500AAC95"
"Squareup Mexico, S. de R.L. de C.V. (MX) - 504","120","Y","shashi@squareup.com","2023/02/09 10:47:54.042","shashi@squareup.com","2023/02/09 10:47:54.195","F43FD2209D874A57E0539696500AAC95"
"Sweden","10","Y","viyan@squareup.com","2022/09/23 05:45:39.05","viyan@squareup.com","2022/09/23 05:46:19.347","E94C6972173419A6E0539696500A9B13"
"Sweden","20","Y","viyan@squareup.com","2022/09/23 05:45:39.053","viyan@squareup.com","2022/09/23 05:46:19.348","E94C6972173419A6E0539696500A9B13"
"Sweden","40","Y","viyan@squareup.com","2022/09/23 05:45:39.0","viyan@squareup.com","2022/09/23 05:46:19.336","E94C6972173419A6E0539696500A9B13"
"Sweden","80","Y","viyan@squareup.com","2022/09/23 05:45:39.046","viyan@squareup.com","2022/09/23 05:46:19.343","E94C6972173419A6E0539696500A9B13"
"Sweden","110","Y","viyan@squareup.com","2022/09/23 05:45:39.056","viyan@squareup.com","2022/09/23 05:46:19.349","E94C6972173419A6E0539696500A9B13"
"Sweden","120","Y","viyan@squareup.com","2022/09/23 05:45:39.066","viyan@squareup.com","2022/09/23 05:46:19.352","E94C6972173419A6E0539696500A9B13"
"Sweden","130","Y","viyan@squareup.com","2022/09/23 05:45:39.063","viyan@squareup.com","2022/09/23 05:46:19.351","E94C6972173419A6E0539696500A9B13"
"Sweden","160","Y","viyan@squareup.com","2022/09/23 05:45:39.075","viyan@squareup.com","2022/09/23 05:46:19.359","E94C6972173419A6E0539696500A9B13"
"Sweden","180","Y","viyan@squareup.com","2022/09/23 05:45:39.06","viyan@squareup.com","2022/09/23 05:46:19.35","E94C6972173419A6E0539696500A9B13"
"Sweden","200","Y","viyan@squareup.com","2022/09/23 05:45:39.071","viyan@squareup.com","2022/09/23 05:46:19.357","E94C6972173419A6E0539696500A9B13"
"TIDAL Cayman","10","Y","viyan@squareup.com","2021/12/15 09:15:36.007","viyan@squareup.com","2021/12/15 09:15:36.077","D134B5C991DDB154E053A062500A57A9"
"TIDAL Cayman","20","Y","viyan@squareup.com","2021/12/15 09:15:36.009","viyan@squareup.com","2021/12/15 09:15:36.078","D134B5C991DDB154E053A062500A57A9"
"TIDAL Cayman","40","Y","viyan@squareup.com","2021/12/15 09:15:36.0","viyan@squareup.com","2021/12/15 09:15:36.074","D134B5C991DDB154E053A062500A57A9"
"TIDAL Cayman","80","Y","viyan@squareup.com","2022/04/14 17:07:08.0","viyan@squareup.com","2022/04/14 17:07:10.781","DCA13099D82C3EE6E053A162500A7BDF"
"TIDAL Cayman","110","Y","viyan@squareup.com","2021/12/15 09:15:36.011","viyan@squareup.com","2021/12/15 09:15:36.079","D134B5C991DDB154E053A062500A57A9"
"TIDAL Cayman","120","Y","viyan@squareup.com","2022/04/14 17:07:08.01","viyan@squareup.com","2022/04/14 17:07:10.784","DCA13099D82C3EE6E053A162500A7BDF"
"TIDAL Cayman","130","Y","viyan@squareup.com","2021/12/15 09:15:36.014","viyan@squareup.com","2021/12/15 09:15:36.081","D134B5C991DDB154E053A062500A57A9"
"TIDAL Cayman","180","Y","viyan@squareup.com","2021/12/15 09:15:36.012","viyan@squareup.com","2021/12/15 09:15:36.08","D134B5C991DDB154E053A062500A57A9"
"TIDAL Music LLC - 121","80","Y","viyan@squareup.com","2021/12/15 09:21:00.0","viyan@squareup.com","2021/12/15 09:21:00.129","D134B5C991DDB154E053A062500A57A9"
"TIDAL Music LLC - 121","120","Y","viyan@squareup.com","2021/12/15 09:21:00.007","viyan@squareup.com","2021/12/15 09:21:00.131","D134B5C991DDB154E053A062500A57A9"
"Tidal Germany","10","Y","viyan@squareup.com","2021/12/15 09:10:16.008","viyan@squareup.com","2021/12/15 09:10:16.099","D134B5C991DDB154E053A062500A57A9"
"Tidal Germany","20","Y","viyan@squareup.com","2021/12/15 09:10:16.01","viyan@squareup.com","2021/12/15 09:10:16.1","D134B5C991DDB154E053A062500A57A9"
"Tidal Germany","30","Y","viyan@squareup.com","2023/04/21 06:52:00.0","viyan@squareup.com","2023/04/21 06:52:06.773","F9C2610C594287A2E0534893500A7E98"
"Tidal Germany","40","Y","viyan@squareup.com","2021/12/15 09:10:16.0","viyan@squareup.com","2021/12/15 09:10:16.098","D134B5C991DDB154E053A062500A57A9"
"Tidal Germany","70","Y","viyan@squareup.com","2023/04/21 06:52:00.008","viyan@squareup.com","2023/04/21 06:52:06.775","F9C2610C594287A2E0534893500A7E98"
"Tidal Germany","80","Y","viyan@squareup.com","2022/04/14 17:06:10.0","viyan@squareup.com","2022/04/14 17:06:13.128","DCA13099D82C3EE6E053A162500A7BDF"
"Tidal Germany","90","Y","viyan@squareup.com","2023/04/21 06:52:00.01","viyan@squareup.com","2023/04/21 06:52:06.776","F9C2610C594287A2E0534893500A7E98"
"Tidal Germany","110","Y","viyan@squareup.com","2021/12/15 09:10:16.011","viyan@squareup.com","2021/12/15 09:10:16.102","D134B5C991DDB154E053A062500A57A9"
"Tidal Germany","120","Y","viyan@squareup.com","2022/04/14 17:06:10.008","viyan@squareup.com","2022/04/14 17:06:13.13","DCA13099D82C3EE6E053A162500A7BDF"
"Tidal Germany","130","Y","viyan@squareup.com","2021/12/15 09:10:16.015","viyan@squareup.com","2021/12/15 09:10:16.104","D134B5C991DDB154E053A062500A57A9"
"Tidal Germany","160","Y","viyan@squareup.com","2023/04/21 06:52:00.012","viyan@squareup.com","2023/04/21 06:52:06.778","F9C2610C594287A2E0534893500A7E98"
"Tidal Germany","180","Y","viyan@squareup.com","2021/12/15 09:10:16.013","viyan@squareup.com","2021/12/15 09:10:16.103","D134B5C991DDB154E053A062500A57A9"
"Tidal Germany","200","Y","viyan@squareup.com","2023/04/21 06:52:00.011","viyan@squareup.com","2023/04/21 06:52:06.777","F9C2610C594287A2E0534893500A7E98"
"Tidal Japan","10","Y","viyan@squareup.com","2021/12/15 09:17:49.006","viyan@squareup.com","2021/12/15 09:17:49.079","D134B5C991DDB154E053A062500A57A9"
"Tidal Japan","20","Y","viyan@squareup.com","2021/12/15 09:17:49.007","viyan@squareup.com","2021/12/15 09:17:49.08","D134B5C991DDB154E053A062500A57A9"
"Tidal Japan","40","Y","viyan@squareup.com","2021/12/15 09:17:49.0","viyan@squareup.com","2021/12/15 09:17:49.077","D134B5C991DDB154E053A062500A57A9"
"Tidal Japan","80","Y","viyan@squareup.com","2022/04/14 17:07:46.0","viyan@squareup.com","2022/04/14 17:07:48.574","DCA13099D82C3EE6E053A162500A7BDF"
"Tidal Japan","110","Y","viyan@squareup.com","2021/12/15 09:17:49.009","viyan@squareup.com","2021/12/15 09:17:49.081","D134B5C991DDB154E053A062500A57A9"
"Tidal Japan","120","Y","viyan@squareup.com","2022/04/14 17:07:46.007","viyan@squareup.com","2022/04/14 17:07:48.576","DCA13099D82C3EE6E053A162500A7BDF"
"Tidal Japan","130","Y","viyan@squareup.com","2021/12/15 09:17:49.012","viyan@squareup.com","2021/12/15 09:17:49.082","D134B5C991DDB154E053A062500A57A9"
"Tidal Japan","180","Y","viyan@squareup.com","2021/12/15 09:17:49.011","viyan@squareup.com","2021/12/15 09:17:49.082","D134B5C991DDB154E053A062500A57A9"
"Tidal Music AS (NO) - 321","80","Y","viyan@squareup.com","2021/12/15 09:23:09.0","viyan@squareup.com","2021/12/15 09:23:09.046","D134B5C991DDB154E053A062500A57A9"
"Tidal Music AS (NO) - 321","120","Y","viyan@squareup.com","2021/12/15 09:23:09.007","viyan@squareup.com","2021/12/15 09:23:09.048","D134B5C991DDB154E053A062500A57A9"
"Tidal Norway","10","Y","viyan@squareup.com","2021/12/15 09:04:22.008","viyan@squareup.com","2021/12/15 09:04:22.095","D134B5C991DDB154E053A062500A57A9"
"Tidal Norway","20","Y","viyan@squareup.com","2021/12/15 09:04:22.011","viyan@squareup.com","2021/12/15 09:04:22.097","D134B5C991DDB154E053A062500A57A9"
"Tidal Norway","30","Y","viyan@squareup.com","2023/04/21 06:49:42.0","viyan@squareup.com","2023/04/21 06:49:42.31","F9C2610C594287A2E0534893500A7E98"
"Tidal Norway","40","Y","viyan@squareup.com","2021/12/15 09:04:22.0","viyan@squareup.com","2021/12/15 09:04:22.093","D134B5C991DDB154E053A062500A57A9"
"Tidal Norway","70","Y","viyan@squareup.com","2023/04/21 06:49:42.072","viyan@squareup.com","2023/04/21 06:49:42.315","F9C2610C594287A2E0534893500A7E98"
"Tidal Norway","90","Y","viyan@squareup.com","2023/04/21 06:49:42.075","viyan@squareup.com","2023/04/21 06:49:42.318","F9C2610C594287A2E0534893500A7E98"
"Tidal Norway","110","Y","viyan@squareup.com","2021/12/15 09:04:22.013","viyan@squareup.com","2021/12/15 09:04:22.098","D134B5C991DDB154E053A062500A57A9"
"Tidal Norway","130","Y","viyan@squareup.com","2021/12/15 09:04:22.018","viyan@squareup.com","2021/12/15 09:04:22.1","D134B5C991DDB154E053A062500A57A9"
"Tidal Norway","160","Y","viyan@squareup.com","2023/04/21 06:49:42.079","viyan@squareup.com","2023/04/21 06:49:42.319","F9C2610C594287A2E0534893500A7E98"
"Tidal Norway","180","Y","viyan@squareup.com","2021/12/15 09:04:22.016","viyan@squareup.com","2021/12/15 09:04:22.099","D134B5C991DDB154E053A062500A57A9"
"Tidal Norway","200","Y","viyan@squareup.com","2023/04/21 06:49:42.077","viyan@squareup.com","2023/04/21 06:49:42.319","F9C2610C594287A2E0534893500A7E98"
"Tidal Poland","10","Y","viyan@squareup.com","2021/12/15 09:06:46.006","viyan@squareup.com","2021/12/15 09:06:46.086","D134B5C991DDB154E053A062500A57A9"
"Tidal Poland","20","Y","viyan@squareup.com","2021/12/15 09:06:46.008","viyan@squareup.com","2021/12/15 09:06:46.087","D134B5C991DDB154E053A062500A57A9"
"Tidal Poland","30","Y","viyan@squareup.com","2023/04/21 06:50:23.0","viyan@squareup.com","2023/04/21 06:50:25.338","F9C2610C594287A2E0534893500A7E98"
"Tidal Poland","40","Y","viyan@squareup.com","2021/12/15 09:06:46.0","viyan@squareup.com","2021/12/15 09:06:46.083","D134B5C991DDB154E053A062500A57A9"
"Tidal Poland","70","Y","viyan@squareup.com","2023/04/21 06:50:23.007","viyan@squareup.com","2023/04/21 06:50:25.342","F9C2610C594287A2E0534893500A7E98"
"Tidal Poland","80","Y","viyan@squareup.com","2022/04/14 17:03:58.0","viyan@squareup.com","2022/04/14 17:03:59.542","DCA13099D82C3EE6E053A162500A7BDF"
"Tidal Poland","90","Y","viyan@squareup.com","2023/04/21 06:50:23.008","viyan@squareup.com","2023/04/21 06:50:25.343","F9C2610C594287A2E0534893500A7E98"
"Tidal Poland","110","Y","viyan@squareup.com","2021/12/15 09:06:46.009","viyan@squareup.com","2021/12/15 09:06:46.089","D134B5C991DDB154E053A062500A57A9"
"Tidal Poland","120","Y","viyan@squareup.com","2022/04/14 17:03:58.337","viyan@squareup.com","2022/04/14 17:03:59.558","DCA13099D82C3EE6E053A162500A7BDF"
"Tidal Poland","130","Y","viyan@squareup.com","2021/12/15 09:06:46.013","viyan@squareup.com","2021/12/15 09:06:46.091","D134B5C991DDB154E053A062500A57A9"
"Tidal Poland","160","Y","viyan@squareup.com","2023/04/21 06:50:23.011","viyan@squareup.com","2023/04/21 06:50:25.345","F9C2610C594287A2E0534893500A7E98"
"Tidal Poland","180","Y","viyan@squareup.com","2021/12/15 09:06:46.011","viyan@squareup.com","2021/12/15 09:06:46.09","D134B5C991DDB154E053A062500A57A9"
"Tidal Poland","200","Y","viyan@squareup.com","2023/04/21 06:50:23.009","viyan@squareup.com","2023/04/21 06:50:25.344","F9C2610C594287A2E0534893500A7E98"
"Tidal Spain","10","Y","viyan@squareup.com","2022/04/05 16:30:46.153","viyan@squareup.com","2022/04/05 16:31:03.916","DBEB6637D420A35FE053A162500A84B2"
"Tidal Spain","20","Y","viyan@squareup.com","2022/04/05 16:30:46.156","viyan@squareup.com","2022/04/05 16:31:03.92","DBEB6637D420A35FE053A162500A84B2"
"Tidal Spain","40","Y","viyan@squareup.com","2022/04/05 16:30:46.0","viyan@squareup.com","2022/04/05 16:31:03.886","DBEB6637D420A35FE053A162500A84B2"
"Tidal Spain","80","Y","viyan@squareup.com","2022/04/05 16:30:46.15","viyan@squareup.com","2022/04/05 16:31:03.906","DBEB6637D420A35FE053A162500A84B2"
"Tidal Spain","110","Y","viyan@squareup.com","2022/04/05 16:30:46.158","viyan@squareup.com","2022/04/05 16:31:03.922","DBEB6637D420A35FE053A162500A84B2"
"Tidal Spain","130","Y","viyan@squareup.com","2022/04/05 16:30:46.163","viyan@squareup.com","2022/04/05 16:31:03.929","DBEB6637D420A35FE053A162500A84B2"
"Tidal Spain","180","Y","viyan@squareup.com","2022/04/05 16:30:46.161","viyan@squareup.com","2022/04/05 16:31:03.924","DBEB6637D420A35FE053A162500A84B2"
"Tidal Sweden","10","Y","viyan@squareup.com","2021/12/15 09:12:52.009","viyan@squareup.com","2021/12/15 09:12:52.089","D134B5C991DDB154E053A062500A57A9"
"Tidal Sweden","20","Y","viyan@squareup.com","2021/12/15 09:12:52.011","viyan@squareup.com","2021/12/15 09:12:52.09","D134B5C991DDB154E053A062500A57A9"
"Tidal Sweden","30","Y","viyan@squareup.com","2023/04/21 06:51:12.0","viyan@squareup.com","2023/04/21 06:51:12.05","F9C2610C594287A2E0534893500A7E98"
"Tidal Sweden","40","Y","viyan@squareup.com","2021/12/15 09:12:52.0","viyan@squareup.com","2021/12/15 09:12:52.086","D134B5C991DDB154E053A062500A57A9"
"Tidal Sweden","70","Y","viyan@squareup.com","2023/04/21 06:51:12.009","viyan@squareup.com","2023/04/21 06:51:12.052","F9C2610C594287A2E0534893500A7E98"
"Tidal Sweden","90","Y","viyan@squareup.com","2023/04/21 06:51:12.011","viyan@squareup.com","2023/04/21 06:51:12.053","F9C2610C594287A2E0534893500A7E98"
"Tidal Sweden","110","Y","viyan@squareup.com","2021/12/15 09:12:52.013","viyan@squareup.com","2021/12/15 09:12:52.091","D134B5C991DDB154E053A062500A57A9"
"Tidal Sweden","130","Y","viyan@squareup.com","2021/12/15 09:12:52.017","viyan@squareup.com","2021/12/15 09:12:52.093","D134B5C991DDB154E053A062500A57A9"
"Tidal Sweden","160","Y","viyan@squareup.com","2023/04/21 06:51:12.015","viyan@squareup.com","2023/04/21 06:51:12.054","F9C2610C594287A2E0534893500A7E98"
"Tidal Sweden","180","Y","viyan@squareup.com","2021/12/15 09:12:52.015","viyan@squareup.com","2021/12/15 09:12:52.092","D134B5C991DDB154E053A062500A57A9"
"Tidal Sweden","200","Y","viyan@squareup.com","2023/04/21 06:51:12.013","viyan@squareup.com","2023/04/21 06:51:12.053","F9C2610C594287A2E0534893500A7E98"
"Tidal UK","10","Y","viyan@squareup.com","2021/12/15 09:01:18.009","viyan@squareup.com","2021/12/15 09:01:18.095","D134B5C991DDB154E053A062500A57A9"
"Tidal UK","20","Y","viyan@squareup.com","2021/12/15 09:01:18.011","viyan@squareup.com","2021/12/15 09:01:18.096","D134B5C991DDB154E053A062500A57A9"
"Tidal UK","40","Y","viyan@squareup.com","2021/12/15 09:01:18.0","viyan@squareup.com","2021/12/15 09:01:18.091","D134B5C991DDB154E053A062500A57A9"
"Tidal UK","80","Y","viyan@squareup.com","2022/04/14 17:05:06.0","viyan@squareup.com","2022/04/14 17:05:09.448","DCA13099D82C3EE6E053A162500A7BDF"
"Tidal UK","110","Y","viyan@squareup.com","2021/12/15 09:01:18.013","viyan@squareup.com","2021/12/15 09:01:18.098","D134B5C991DDB154E053A062500A57A9"
"Tidal UK","120","Y","viyan@squareup.com","2022/04/14 17:05:06.013","viyan@squareup.com","2022/04/14 17:05:09.452","DCA13099D82C3EE6E053A162500A7BDF"
"Tidal UK","130","Y","viyan@squareup.com","2021/12/15 09:01:18.017","viyan@squareup.com","2021/12/15 09:01:18.1","D134B5C991DDB154E053A062500A57A9"
"Tidal UK","180","Y","viyan@squareup.com","2021/12/15 09:01:18.015","viyan@squareup.com","2021/12/15 09:01:18.099","D134B5C991DDB154E053A062500A57A9"
"Tidal US","10","Y","viyan@squareup.com","2021/12/15 08:58:28.201","viyan@squareup.com","2021/12/15 08:58:31.424","D134B5C991DDB154E053A062500A57A9"
"Tidal US","20","Y","viyan@squareup.com","2021/12/15 08:58:28.204","viyan@squareup.com","2021/12/15 08:58:31.463","D134B5C991DDB154E053A062500A57A9"
"Tidal US","30","Y","viyan@squareup.com","2023/04/21 06:49:05.0","viyan@squareup.com","2023/04/21 06:49:06.488","F9C2610C594287A2E0534893500A7E98"
"Tidal US","40","Y","viyan@squareup.com","2021/12/15 08:58:28.0","viyan@squareup.com","2021/12/15 08:58:31.326","D134B5C991DDB154E053A062500A57A9"
"Tidal US","70","Y","viyan@squareup.com","2023/04/21 06:49:05.082","viyan@squareup.com","2023/04/21 06:49:06.518","F9C2610C594287A2E0534893500A7E98"
"Tidal US","110","Y","viyan@squareup.com","2021/12/15 08:58:28.206","viyan@squareup.com","2021/12/15 08:58:31.464","D134B5C991DDB154E053A062500A57A9"
"Tidal US","130","Y","viyan@squareup.com","2021/12/15 08:58:28.211","viyan@squareup.com","2021/12/15 08:58:31.466","D134B5C991DDB154E053A062500A57A9"
"Tidal US","160","Y","viyan@squareup.com","2023/04/21 06:49:05.085","viyan@squareup.com","2023/04/21 06:49:06.522","F9C2610C594287A2E0534893500A7E98"
"Tidal US","180","Y","viyan@squareup.com","2021/12/15 08:58:28.208","viyan@squareup.com","2021/12/15 08:58:31.465","D134B5C991DDB154E053A062500A57A9"
"Tidal US","200","Y","viyan@squareup.com","2023/04/21 06:49:05.083","viyan@squareup.com","2023/04/21 06:49:06.521","F9C2610C594287A2E0534893500A7E98"
"Tidal sp. z o.o. (PL) - 322","80","Y","dhatri@squareup.com","2022/06/02 14:10:19.0","dhatri@squareup.com","2022/06/02 14:10:19.217","E06D2C9A57F0FBADE0539696500ACF69"
"Tidal sp. z o.o. (PL) - 322","120","Y","dhatri@squareup.com","2022/06/02 14:10:19.06","dhatri@squareup.com","2022/06/02 14:10:19.227","E06D2C9A57F0FBADE0539696500ACF69"
"UK","10","Y","pavan1@squareup.com","2018/09/28 05:40:21.0","pavan1@squareup.com","2018/09/28 05:40:23.069","760586B287BC72C3E053120C1B0A194C"
"UK","20","Y","pavan1@squareup.com","2018/09/28 05:40:21.007","pavan1@squareup.com","2018/09/28 05:40:23.07","760586B287BC72C3E053120C1B0A194C"
"UK","30","Y","mukund1@squareup.com","2018/11/06 13:26:45.0","mukund1@squareup.com","2018/11/06 13:26:48.65","76087E89E7EEB04AE053140C1B0A260C"
"UK","40","Y","mukund1@squareup.com","2018/11/06 13:26:45.02","mukund1@squareup.com","2018/11/06 13:26:48.653","76087E89E7EEB04AE053140C1B0A260C"
"UK","80","Y","venkat@squareup.com","2018/09/28 02:41:25.0","venkat@squareup.com","2018/09/28 02:41:25.089","76058A156AB67316E053120C1B0A6758"
"UK","110","Y","venkat@squareup.com","2018/09/28 02:41:25.006","venkat@squareup.com","2018/09/28 02:41:25.093","76058A156AB67316E053120C1B0A6758"
"UK","120","Y","venkat@squareup.com","2018/09/28 02:41:25.01","venkat@squareup.com","2018/09/28 02:41:25.1","76058A156AB67316E053120C1B0A6758"
"UK","130","Y","venkat@squareup.com","2018/09/28 02:41:25.008","venkat@squareup.com","2018/09/28 02:41:25.095","76058A156AB67316E053120C1B0A6758"
"US","10","Y","pavan@squareup.com","2018/06/07 16:52:24.05","pavan@squareup.com","2018/06/07 16:53:25.4","6B844DAA295C5690E053140C1B0A65B6"
"US","20","Y","pavan@squareup.com","2018/06/07 16:52:24.053","pavan@squareup.com","2018/06/07 16:53:25.401","6B844DAA295C5690E053140C1B0A65B6"
"US","30","Y","pavan@squareup.com","2018/06/07 16:52:24.0","pavan@squareup.com","2018/06/07 16:53:25.377","6B844DAA295C5690E053140C1B0A65B6"
"US","40","Y","pavan@squareup.com","2018/06/07 16:52:24.039","pavan@squareup.com","2018/06/07 16:53:25.397","6B844DAA295C5690E053140C1B0A65B6"
"US","70","Y","pavan@squareup.com","2018/06/07 16:52:24.034","pavan@squareup.com","2018/06/07 16:53:25.394","6B844DAA295C5690E053140C1B0A65B6"
"US","80","Y","pavan@squareup.com","2018/06/07 16:52:24.047","pavan@squareup.com","2018/06/07 16:53:25.399","6B844DAA295C5690E053140C1B0A65B6"
"US","90","Y","pavan@squareup.com","2018/06/07 16:52:24.036","pavan@squareup.com","2018/06/07 16:53:25.396","6B844DAA295C5690E053140C1B0A65B6"
"US","110","Y","pavan@squareup.com","2018/06/07 16:52:24.056","pavan@squareup.com","2018/06/07 16:53:25.402","6B844DAA295C5690E053140C1B0A65B6"
"US","120","Y","pavan@squareup.com","2018/06/07 16:52:24.062","pavan@squareup.com","2018/06/07 16:53:25.404","6B844DAA295C5690E053140C1B0A65B6"
"US","130","Y","pavan@squareup.com","2018/06/07 16:52:24.06","pavan@squareup.com","2018/06/07 16:53:25.404","6B844DAA295C5690E053140C1B0A65B6"
"US","140","Y","pavan@squareup.com","2018/06/07 16:52:24.041","pavan@squareup.com","2018/06/07 16:53:25.398","6B844DAA295C5690E053140C1B0A65B6"
"US","180","Y","pavan@squareup.com","2018/06/07 16:52:24.058","pavan@squareup.com","2018/06/07 16:53:25.403","6B844DAA295C5690E053140C1B0A65B6"
"US","190","Y","pavan@squareup.com","2018/06/07 16:52:24.044","pavan@squareup.com","2018/06/07 16:53:25.399","6B844DAA295C5690E053140C1B0A65B6"
"USD - International","10","Y","viyan@squareup.com","2022/10/12 07:53:53.033","viyan@squareup.com","2022/10/12 07:53:59.021","EACD6C628DB7FDEFE0539696500AFC29"
"USD - International","20","Y","viyan@squareup.com","2022/10/12 07:53:53.035","viyan@squareup.com","2022/10/12 07:53:59.022","EACD6C628DB7FDEFE0539696500AFC29"
"USD - International","40","Y","viyan@squareup.com","2022/10/12 07:53:53.0","viyan@squareup.com","2022/10/12 07:53:59.01","EACD6C628DB7FDEFE0539696500AFC29"
"USD - International","80","Y","viyan@squareup.com","2022/10/12 07:53:53.031","viyan@squareup.com","2022/10/12 07:53:59.018","EACD6C628DB7FDEFE0539696500AFC29"
"USD - International","100","Y","viyan@squareup.com","2022/10/12 07:53:53.039","viyan@squareup.com","2022/10/12 07:53:59.025","EACD6C628DB7FDEFE0539696500AFC29"
"USD - International","110","Y","viyan@squareup.com","2022/10/12 07:53:53.037","viyan@squareup.com","2022/10/12 07:53:59.024","EACD6C628DB7FDEFE0539696500AFC29"
"USD - International","120","Y","viyan@squareup.com","2022/10/12 07:53:53.042","viyan@squareup.com","2022/10/12 07:53:59.027","EACD6C628DB7FDEFE0539696500AFC29"
"USD - International","130","Y","viyan@squareup.com","2022/10/12 07:53:53.041","viyan@squareup.com","2022/10/12 07:53:59.026","EACD6C628DB7FDEFE0539696500AFC29"
"Verse Payments Lithuania, UAB - 314","80","Y","asagade@block.xyz","2024/01/25 09:10:23.0","asagade@block.xyz","2024/01/25 09:10:23.032","0FB863AF433D216CE0639696500A1714"
"Verse Payments Lithuania, UAB - 314","120","Y","asagade@block.xyz","2024/01/25 09:10:23.005","asagade@block.xyz","2024/01/25 09:10:23.034","0FB863AF433D216CE0639696500A1714"
