"PAY_PAYROLL_STATUTORY_UNIT_ORG.OrganizationCode","PAY_PAYROLL_STATUTORY_UNIT_ORG.EffectiveStartDate","PAY_PAYROLL_STATUTORY_UNIT_ORG.EffectiveEndDate","ClassificationName","OrganizationName","EffectiveStartDate","EffectiveEndDate","ViewInstanceName","GroupingKey","LogicalStartDate","LogicalEndDate","SetCode","CategoryCode","LegislationCode","Status","OrgUnitClassificationId","OrganizationId","ClassificationCode","SetId"
"LE_103","0001/01/01","4712/12/31","Payroll Statutory Unit","Square International Services Inc","0001/01/01","4712/12/31","OrgUnitClassificationMigration","Square International Services Inc,Payroll Statutory Unit","0001/01/01","4712/12/31","","HCM_PSU_US","US","A","","","","#null"
"LE_151","0001/01/01","4712/12/31","Payroll Statutory Unit","Square Canada Inc.","0001/01/01","4712/12/31","OrgUnitClassificationMigration","Square Canada Inc.,Payroll Statutory Unit","0001/01/01","4712/12/31","","HCM_PSU_CA","CA","A","","","","#null"
"LE_109","0001/01/01","4712/12/31","Payroll Statutory Unit","Weebly LLC","0001/01/01","4712/12/31","OrgUnitClassificationMigration","Weebly LLC,Payroll Statutory Unit","0001/01/01","4712/12/31","","HCM_PSU_US","US","A","","","","#null"
"LE_105","0001/01/01","4712/12/31","Payroll Statutory Unit","Square Payroll Inc.","0001/01/01","4712/12/31","OrgUnitClassificationMigration","Square Payroll Inc.,Payroll Statutory Unit","0001/01/01","4712/12/31","","HCM_PSU_US","US","A","","","","#null"
"LE_001","0001/01/01","4712/12/31","Payroll Statutory Unit","Block, Inc.","0001/01/01","4712/12/31","OrgUnitClassificationMigration","Block, Inc.,Payroll Statutory Unit","0001/01/01","4712/12/31","","HCM_PSU_US","US","A","","","","#null"
"LE_108","0001/01/01","4712/12/31","Payroll Statutory Unit","Square Capital LLC","0001/01/01","4712/12/31","OrgUnitClassificationMigration","Square Capital LLC,Payroll Statutory Unit","0001/01/01","4712/12/31","","HCM_PSU_US","US","A","","","","#null"
"LE_250","2001/01/01","4712/12/31","Payroll Statutory Unit","Square AU Pty Ltd","0001/01/01","2000/12/31","OrgUnitClassificationMigration","Square AU Pty Ltd,Payroll Statutory Unit","0001/01/01","","","HCM_PSU","AU","I","","","","#null"
"LE_250","2001/01/01","4712/12/31","Payroll Statutory Unit","Square AU Pty Ltd","2001/01/01","4712/12/31","OrgUnitClassificationMigration","Square AU Pty Ltd,Payroll Statutory Unit","","4712/12/31","","HCM_PSU","AU","A","","","","#null"
"LE_301","0001/01/01","4712/12/31","Payroll Statutory Unit","Squareup Europe Limited (UK)","0001/01/01","4712/12/31","OrgUnitClassificationMigration","Squareup Europe Limited (UK),Payroll Statutory Unit","0001/01/01","4712/12/31","","HCM_PSU_GB","GB","A","","","","#null"
"LE_302","0001/01/01","4712/12/31","Payroll Statutory Unit","Squareup (UK) Limited","0001/01/01","4712/12/31","OrgUnitClassificationMigration","Squareup (UK) Limited,Payroll Statutory Unit","0001/01/01","4712/12/31","","HCM_PSU_GB","GB","A","","","","#null"
"LE_312","0001/01/01","4712/12/31","Payroll Statutory Unit","Squareup International Limited","0001/01/01","4712/12/31","OrgUnitClassificationMigration","Squareup International Limited,Payroll Statutory Unit","0001/01/01","4712/12/31","","HCM_PSU","IE","A","","","","#null"
"LE_0006","0001/01/01","4712/12/31","Payroll Statutory Unit","Square K.K.","0001/01/01","4712/12/31","OrgUnitClassificationMigration","Square K.K.,Payroll Statutory Unit","0001/01/01","4712/12/31","","HCM_PSU","JP","A","","","","#null"
"LE_152","0001/01/01","4712/12/31","Payroll Statutory Unit","Square Technologies, Inc","0001/01/01","4712/12/31","OrgUnitClassificationMigration","Square Technologies, Inc,Payroll Statutory Unit","0001/01/01","4712/12/31","","HCM_PSU_CA","CA","A","","","","#null"
"LE_112","0001/01/01","4712/12/31","Payroll Statutory Unit","Square Money Services, Inc","0001/01/01","4712/12/31","OrgUnitClassificationMigration","Square Money Services, Inc,Payroll Statutory Unit","0001/01/01","4712/12/31","","HCM_PSU_US","US","A","","","","#null"
"LE_220","0001/01/01","4712/12/31","Payroll Statutory Unit","Square Trading (Shenzhen) Company Limited","0001/01/01","4712/12/31","OrgUnitClassificationMigration","Square Trading (Shenzhen) Company Limited,Payroll Statutory Unit","0001/01/01","4712/12/31","","HCM_PSU_CN","CN","A","","","","#null"
"FR315","0001/01/01","4712/12/31","Payroll Statutory Unit","Squareup (France) SAS","0001/01/01","4712/12/31","OrgUnitClassificationMigration","Squareup (France) SAS,Payroll Statutory Unit","0001/01/01","4712/12/31","","HCM_PSU","FR","A","","","","#null"
"LE_0023","0001/01/01","4712/12/31","Payroll Statutory Unit","Snackskal AB","0001/01/01","4712/12/31","OrgUnitClassificationMigration","Snackskal AB,Payroll Statutory Unit","0001/01/01","4712/12/31","","HCM_PSU","SE","A","","","","#null"
"LE_0003","0001/01/01","4712/12/31","Payroll Statutory Unit","Squareup Pte. Ltd","0001/01/01","4712/12/31","OrgUnitClassificationMigration","Squareup Pte. Ltd,Payroll Statutory Unit","0001/01/01","4712/12/31","","HCM_PSU","SG","A","","","","#null"
"LE_311","0001/01/01","4712/12/31","Payroll Statutory Unit","Block Global B.V.","0001/01/01","4712/12/31","OrgUnitClassificationMigration","Block Global B.V.,Payroll Statutory Unit","0001/01/01","4712/12/31","","HCM_PSU","NL","A","","","","#null"
"LE_113","0001/01/01","4712/12/31","Payroll Statutory Unit","Verse Technologies, Inc.","0001/01/01","4712/12/31","OrgUnitClassificationMigration","Verse Technologies, Inc.,Payroll Statutory Unit","0001/01/01","4712/12/31","","HCM_PSU_US","US","A","","","","#null"
"LE_314","0001/01/01","4712/12/31","Payroll Statutory Unit","Verse Payments Lithuania, UAB","0001/01/01","4712/12/31","OrgUnitClassificationMigration","Verse Payments Lithuania, UAB,Payroll Statutory Unit","0001/01/01","4712/12/31","","HCM_PSU","LT","A","","","","#null"
"LE_313","0001/01/01","4712/12/31","Payroll Statutory Unit","Decentralized Global Payments, SL","0001/01/01","4712/12/31","OrgUnitClassificationMigration","Decentralized Global Payments, SL,Payroll Statutory Unit","0001/01/01","4712/12/31","","HCM_PSU","ES","A","","","","#null"
"LE_114","0001/01/01","4712/12/31","Payroll Statutory Unit","Cash App Investing LLC","0001/01/01","4712/12/31","OrgUnitClassificationMigration","Cash App Investing LLC,Payroll Statutory Unit","0001/01/01","4712/12/31","","HCM_PSU_US","US","A","","","","#null"
"LE_115","0001/01/01","4712/12/31","Payroll Statutory Unit","Stitch Labs, Inc.","0001/01/01","4712/12/31","OrgUnitClassificationMigration","Stitch Labs, Inc.,Payroll Statutory Unit","0001/01/01","4712/12/31","","HCM_PSU_US","US","A","","","","#null"
"LE_303","0001/01/01","4712/12/31","Payroll Statutory Unit","Squareup International Services Ltd.","0001/01/01","4712/12/31","OrgUnitClassificationMigration","Squareup International Services Ltd.,Payroll Statutory Unit","0001/01/01","4712/12/31","","HCM_PSU_GB","GB","A","","","","#null"
"317_LE","2020/07/01","4712/12/31","Payroll Statutory Unit","Squareup GmbH","0001/01/01","2020/06/30","OrgUnitClassificationMigration","Squareup GmbH,Payroll Statutory Unit","0001/01/01","","","HCM_PSU","DE","I","","","","#null"
"317_LE","2020/07/01","4712/12/31","Payroll Statutory Unit","Squareup GmbH","2020/07/01","4712/12/31","OrgUnitClassificationMigration","Squareup GmbH,Payroll Statutory Unit","","4712/12/31","","HCM_PSU","DE","A","","","","#null"
"LE_117","0001/01/01","4712/12/31","Payroll Statutory Unit","Huinaha Reinsurance Inc.","0001/01/01","4712/12/31","OrgUnitClassificationMigration","Huinaha Reinsurance Inc.,Payroll Statutory Unit","0001/01/01","4712/12/31","","HCM_PSU_US","US","A","","","","#null"
"LE_116","0001/01/01","4712/12/31","Payroll Statutory Unit","Cash App Taxes, Inc.","0001/01/01","4712/12/31","OrgUnitClassificationMigration","Cash App Taxes, Inc.,Payroll Statutory Unit","0001/01/01","4712/12/31","","HCM_PSU_US","US","A","","","","#null"
"LE_304","0001/01/01","4712/12/31","Payroll Statutory Unit","Cash App Innovation (UK) Ltd.","0001/01/01","4712/12/31","OrgUnitClassificationMigration","Cash App Innovation (UK) Ltd.,Payroll Statutory Unit","0001/01/01","4712/12/31","","HCM_PSU_GB","GB","A","","","","#null"
"LE_318","0001/01/01","4712/12/31","Payroll Statutory Unit","Square Capel (IE) Limited","0001/01/01","4712/12/31","OrgUnitClassificationMigration","Square Capel (IE) Limited,Payroll Statutory Unit","0001/01/01","4712/12/31","","HCM_PSU","IE","A","","","","#null"
"LE_319","0001/01/01","4712/12/31","Payroll Statutory Unit","Cash App Innovation (IE) Limited","0001/01/01","4712/12/31","OrgUnitClassificationMigration","Cash App Innovation (IE) Limited,Payroll Statutory Unit","0001/01/01","4712/12/31","","HCM_PSU","IE","A","","","","#null"
"LE_131","0001/01/01","4712/12/31","Payroll Statutory Unit","Square Financial Services Inc.","0001/01/01","4712/12/31","OrgUnitClassificationMigration","Square Financial Services Inc.,Payroll Statutory Unit","0001/01/01","4712/12/31","","HCM_PSU_US","US","A","","","","#null"
"LE_215","0001/01/01","4712/12/31","Payroll Statutory Unit","Global Risk Engagement B.V. (TWN)","0001/01/01","4712/12/31","OrgUnitClassificationMigration","Global Risk Engagement B.V. (TWN),Payroll Statutory Unit","0001/01/01","4712/12/31","","HCM_PSU","TW","A","","","","#null"
"LE_118","0001/01/01","4712/12/31","Payroll Statutory Unit","Vandutch Acquisition Corp. (DE)","0001/01/01","4712/12/31","OrgUnitClassificationMigration","Vandutch Acquisition Corp. (DE),Payroll Statutory Unit","0001/01/01","4712/12/31","","HCM_PSU_US","US","A","","","","#null"
"LE_321","0001/01/01","4712/12/31","Payroll Statutory Unit","Tidal Music AS","0001/01/01","4712/12/31","OrgUnitClassificationMigration","Tidal Music AS,Payroll Statutory Unit","0001/01/01","4712/12/31","","HCM_PSU","NO","A","","","","#null"
"LE_323","0001/01/01","4712/12/31","Payroll Statutory Unit","WiMP Music GmbH","0001/01/01","4712/12/31","OrgUnitClassificationMigration","WiMP Music GmbH,Payroll Statutory Unit","0001/01/01","4712/12/31","","HCM_PSU","DE","A","","","","#null"
"LE_324","0001/01/01","4712/12/31","Payroll Statutory Unit","Tidal US AB","0001/01/01","4712/12/31","OrgUnitClassificationMigration","Tidal US AB,Payroll Statutory Unit","0001/01/01","4712/12/31","","HCM_PSU","SE","A","","","","#null"
"LE_120","0001/01/01","4712/12/31","Payroll Statutory Unit","Malibu Entertainment Inc.(US)","0001/01/01","4712/12/31","OrgUnitClassificationMigration","Malibu Entertainment Inc.(US),Payroll Statutory Unit","0001/01/01","4712/12/31","","HCM_PSU_US","US","A","","","","#null"
"LE_320","0001/01/01","4712/12/31","Payroll Statutory Unit","Aspiro AB","0001/01/01","4712/12/31","OrgUnitClassificationMigration","Aspiro AB,Payroll Statutory Unit","0001/01/01","4712/12/31","","HCM_PSU","SE","A","","","","#null"
"LE_501","0001/01/01","4712/12/31","Payroll Statutory Unit","Project Panther Ltd.","0001/01/01","4712/12/31","OrgUnitClassificationMigration","Project Panther Ltd.,Payroll Statutory Unit","0001/01/01","4712/12/31","","HCM_PSU","KY","A","","","","#null"
"LE_503","0001/01/01","4712/12/31","Payroll Statutory Unit","Tidal Serviços de Entretenimento Ltda","0001/01/01","4712/12/31","OrgUnitClassificationMigration","Tidal Serviços de Entretenimento Ltda,Payroll Statutory Unit","0001/01/01","4712/12/31","","HCM_PSU","BR","A","","","","#null"
"LE_119","0001/01/01","4712/12/31","Payroll Statutory Unit","Project Rising, LLC","0001/01/01","4712/12/31","OrgUnitClassificationMigration","Project Rising, LLC,Payroll Statutory Unit","0001/01/01","4712/12/31","","HCM_PSU_US","US","A","","","","#null"
"LE_121","0001/01/01","4712/12/31","Payroll Statutory Unit","Project Panther US LLC (US)","0001/01/01","4712/12/31","OrgUnitClassificationMigration","Project Panther US LLC (US),Payroll Statutory Unit","0001/01/01","4712/12/31","","HCM_PSU_US","US","A","","","","#null"
"LE_305","0001/01/01","4712/12/31","Payroll Statutory Unit","Project Panther Bidco Ltd","0001/01/01","4712/12/31","OrgUnitClassificationMigration","Project Panther Bidco Ltd,Payroll Statutory Unit","0001/01/01","4712/12/31","","HCM_PSU_GB","GB","A","","","","#null"
"LE_322","0001/01/01","4712/12/31","Payroll Statutory Unit","Tidal sp. z o.o.","0001/01/01","4712/12/31","OrgUnitClassificationMigration","Tidal sp. z o.o.,Payroll Statutory Unit","0001/01/01","4712/12/31","","HCM_PSU","PL","A","","","","#null"
"LE_212","0001/01/01","4712/12/31","Payroll Statutory Unit","Tidal K.K.","0001/01/01","4712/12/31","OrgUnitClassificationMigration","Tidal K.K.,Payroll Statutory Unit","0001/01/01","4712/12/31","","HCM_PSU","JP","A","","","","#null"
"LE_325","0001/01/01","4712/12/31","Payroll Statutory Unit","Tidal Music - Spain, SL","0001/01/01","4712/12/31","OrgUnitClassificationMigration","Tidal Music - Spain, SL,Payroll Statutory Unit","0001/01/01","4712/12/31","","HCM_PSU","ES","A","","","","#null"
"LE_263","0001/01/01","4712/12/31","Payroll Statutory Unit","Touch Australia Pty Ltd","0001/01/01","4712/12/31","OrgUnitClassificationMigration","Touch Australia Pty Ltd,Payroll Statutory Unit","0001/01/01","4712/12/31","","HCM_PSU","AU","A","","","","#null"
"LE_265","0001/01/01","4712/12/31","Payroll Statutory Unit","Touch Networks Pty Ltd","0001/01/01","4712/12/31","OrgUnitClassificationMigration","Touch Networks Pty Ltd,Payroll Statutory Unit","0001/01/01","4712/12/31","","HCM_PSU","AU","A","","","","#null"
"LE_269","0001/01/01","4712/12/31","Payroll Statutory Unit","Afterpay Warehouse Trust","0001/01/01","4712/12/31","OrgUnitClassificationMigration","Afterpay Warehouse Trust,Payroll Statutory Unit","0001/01/01","4712/12/31","","HCM_PSU","AU","A","","","","#null"
"LE_332","0001/01/01","4712/12/31","Payroll Statutory Unit","Clearpay (UK) Finance Services Limited","0001/01/01","4712/12/31","OrgUnitClassificationMigration","Clearpay (UK) Finance Services Limited,Payroll Statutory Unit","0001/01/01","4712/12/31","","HCM_PSU_GB","GB","A","","","","#null"
"LE_340","0001/01/01","4712/12/31","Payroll Statutory Unit","Pagantis, S.A. (Italian Branch)","0001/01/01","4712/12/31","OrgUnitClassificationMigration","Pagantis, S.A. (Italian Branch),Payroll Statutory Unit","0001/01/01","4712/12/31","","HCM_PSU","IT","A","","","","#null"
"LE_142","0001/01/01","4712/12/31","Payroll Statutory Unit","Afterpay US Receivables Warehouse-C LLC","0001/01/01","4712/12/31","OrgUnitClassificationMigration","Afterpay US Receivables Warehouse-C LLC,Payroll Statutory Unit","0001/01/01","4712/12/31","","HCM_PSU_US","US","A","","","","#null"
"LE_143","0001/01/01","4712/12/31","Payroll Statutory Unit","Afterpay US Receivables Warehouse-GS LLC","0001/01/01","4712/12/31","OrgUnitClassificationMigration","Afterpay US Receivables Warehouse-GS LLC,Payroll Statutory Unit","0001/01/01","4712/12/31","","HCM_PSU_US","US","A","","","","#null"
"LE_146","0001/01/01","4712/12/31","Payroll Statutory Unit","Afterpay Receivables Warehouse-JPM LLC","0001/01/01","4712/12/31","OrgUnitClassificationMigration","Afterpay Receivables Warehouse-JPM LLC,Payroll Statutory Unit","0001/01/01","4712/12/31","","HCM_PSU_US","US","A","","","","#null"
"LE_262","0001/01/01","4712/12/31","Payroll Statutory Unit","Touch Holdings Pty Ltd","0001/01/01","4712/12/31","OrgUnitClassificationMigration","Touch Holdings Pty Ltd,Payroll Statutory Unit","0001/01/01","4712/12/31","","HCM_PSU","AU","A","","","","#null"
"LE_267","0001/01/01","4712/12/31","Payroll Statutory Unit","Afterpay Holdings Pty Ltd","0001/01/01","4712/12/31","OrgUnitClassificationMigration","Afterpay Holdings Pty Ltd,Payroll Statutory Unit","0001/01/01","4712/12/31","","HCM_PSU","AU","A","","","","#null"
"LE_205","0001/01/01","4712/12/31","Payroll Statutory Unit","PT Empat Kali Indonesia","0001/01/01","4712/12/31","OrgUnitClassificationMigration","PT Empat Kali Indonesia,Payroll Statutory Unit","0001/01/01","4712/12/31","","HCM_PSU","ID","A","","","","#null"
"LE_221","0001/01/01","4712/12/31","Payroll Statutory Unit","Afterpay Information Technology Service (Shanghai) Co., Ltd.","0001/01/01","4712/12/31","OrgUnitClassificationMigration","Afterpay Information Technology Service (Shanghai) Co., Ltd.,Payroll Statutory Unit","0001/01/01","4712/12/31","","HCM_PSU_CN","CN","A","","","","#null"
"LE_331","0001/01/01","4712/12/31","Payroll Statutory Unit","Clearpay (International) Finance Holding Limited","0001/01/01","4712/12/31","OrgUnitClassificationMigration","Clearpay (International) Finance Holding Limited,Payroll Statutory Unit","0001/01/01","4712/12/31","","HCM_PSU_GB","GB","A","","","","#null"
"LE_335","0001/01/01","4712/12/31","Payroll Statutory Unit","Clearpay Finance Limited","0001/01/01","4712/12/31","OrgUnitClassificationMigration","Clearpay Finance Limited,Payroll Statutory Unit","0001/01/01","4712/12/31","","HCM_PSU_GB","GB","A","","","","#null"
"LE_338","0001/01/01","4712/12/31","Payroll Statutory Unit","Clearpay S.A.U.","0001/01/01","4712/12/31","OrgUnitClassificationMigration","Clearpay S.A.U.,Payroll Statutory Unit","0001/01/01","4712/12/31","","HCM_PSU","ES","A","","","","#null"
"LE_141","0001/01/01","4712/12/31","Payroll Statutory Unit","Afterpay US, Inc.","0001/01/01","4712/12/31","OrgUnitClassificationMigration","Afterpay US, Inc.,Payroll Statutory Unit","0001/01/01","4712/12/31","","HCM_PSU_US","US","A","","","","#null"
"LE_271","0001/01/01","4712/12/31","Payroll Statutory Unit","Lanai (AU) 1 Pty Ltd","0001/01/01","4712/12/31","OrgUnitClassificationMigration","Lanai (AU) 1 Pty Ltd,Payroll Statutory Unit","0001/01/01","4712/12/31","","HCM_PSU","AU","A","","","","#null"
"LE_270","0001/01/01","4712/12/31","Payroll Statutory Unit","Afterpay International Holdings Pty Ltd","0001/01/01","4712/12/31","OrgUnitClassificationMigration","Afterpay International Holdings Pty Ltd,Payroll Statutory Unit","0001/01/01","4712/12/31","","HCM_PSU","AU","A","","","","#null"
"LE_264","0001/01/01","4712/12/31","Payroll Statutory Unit","Afterpay Corporate Services Pty Ltd","0001/01/01","4712/12/31","OrgUnitClassificationMigration","Afterpay Corporate Services Pty Ltd,Payroll Statutory Unit","0001/01/01","4712/12/31","","HCM_PSU","AU","A","","","","#null"
"LE_266","0001/01/01","4712/12/31","Payroll Statutory Unit","Afterpay China Holdings Pty Ltd","0001/01/01","4712/12/31","OrgUnitClassificationMigration","Afterpay China Holdings Pty Ltd,Payroll Statutory Unit","0001/01/01","4712/12/31","","HCM_PSU","AU","A","","","","#null"
"LE_268","0001/01/01","4712/12/31","Payroll Statutory Unit","Afterpay Australia Pty Ltd","0001/01/01","4712/12/31","OrgUnitClassificationMigration","Afterpay Australia Pty Ltd,Payroll Statutory Unit","0001/01/01","4712/12/31","","HCM_PSU","AU","A","","","","#null"
"LE_203","0001/01/01","4712/12/31","Payroll Statutory Unit","Afterpay Asia Pte. Ltd.","0001/01/01","4712/12/31","OrgUnitClassificationMigration","Afterpay Asia Pte. Ltd.,Payroll Statutory Unit","0001/01/01","4712/12/31","","HCM_PSU","SG","A","","","","#null"
"LE_333","0001/01/01","4712/12/31","Payroll Statutory Unit","Clearpay (International) Limited ","0001/01/01","4712/12/31","OrgUnitClassificationMigration","Clearpay (International) Limited ,Payroll Statutory Unit","0001/01/01","4712/12/31","","HCM_PSU_GB","GB","A","","","","#null"
"LE_148","0001/01/01","4712/12/31","Payroll Statutory Unit","Lanai (US) 2, LLC","0001/01/01","4712/12/31","OrgUnitClassificationMigration","Lanai (US) 2, LLC,Payroll Statutory Unit","0001/01/01","4712/12/31","","HCM_PSU_US","US","A","","","","#null"
"LE_261","0001/01/01","4712/12/31","Payroll Statutory Unit","Afterpay Limited","0001/01/01","4712/12/31","OrgUnitClassificationMigration","Afterpay Limited,Payroll Statutory Unit","0001/01/01","4712/12/31","","HCM_PSU","AU","A","","","","#null"
"LE_145","0001/01/01","4712/12/31","Payroll Statutory Unit","Touchcorp Limited ","0001/01/01","4712/12/31","OrgUnitClassificationMigration","Touchcorp Limited ,Payroll Statutory Unit","0001/01/01","4712/12/31","","HCM_PSU","BM","A","","","","#null"
"LE_204","0001/01/01","4712/12/31","Payroll Statutory Unit","Setelah Bayar Pte. Ltd.","0001/01/01","4712/12/31","OrgUnitClassificationMigration","Setelah Bayar Pte. Ltd.,Payroll Statutory Unit","0001/01/01","4712/12/31","","HCM_PSU","SG","A","","","","#null"
"LE_231","0001/01/01","4712/12/31","Payroll Statutory Unit","Afterpay NZ Limited","0001/01/01","4712/12/31","OrgUnitClassificationMigration","Afterpay NZ Limited,Payroll Statutory Unit","0001/01/01","4712/12/31","","HCM_PSU","NZ","A","","","","#null"
"LE_232","0001/01/01","4712/12/31","Payroll Statutory Unit","Afterpay NZ Warehouse Trust","0001/01/01","4712/12/31","OrgUnitClassificationMigration","Afterpay NZ Warehouse Trust,Payroll Statutory Unit","0001/01/01","4712/12/31","","HCM_PSU","NZ","A","","","","#null"
"LE_336","0001/01/01","4712/12/31","Payroll Statutory Unit","Clearpay Receivables Warehouse 2020-1 Limited","0001/01/01","4712/12/31","OrgUnitClassificationMigration","Clearpay Receivables Warehouse 2020-1 Limited,Payroll Statutory Unit","0001/01/01","4712/12/31","","HCM_PSU_GB","GB","A","","","","#null"
"LE_334","0001/01/01","4712/12/31","Payroll Statutory Unit","Clearpay (Europe) Limited","0001/01/01","4712/12/31","OrgUnitClassificationMigration","Clearpay (Europe) Limited,Payroll Statutory Unit","0001/01/01","4712/12/31","","HCM_PSU_GB","GB","A","","","","#null"
"LE_337","0001/01/01","4712/12/31","Payroll Statutory Unit","Clearpay Receivables Warehouse 2020-2 Limited","0001/01/01","4712/12/31","OrgUnitClassificationMigration","Clearpay Receivables Warehouse 2020-2 Limited,Payroll Statutory Unit","0001/01/01","4712/12/31","","HCM_PSU_GB","GB","A","","","","#null"
"LE_339","0001/01/01","4712/12/31","Payroll Statutory Unit","Clearpay Technology S.L.","0001/01/01","4712/12/31","OrgUnitClassificationMigration","Clearpay Technology S.L.,Payroll Statutory Unit","0001/01/01","4712/12/31","","HCM_PSU","ES","A","","","","#null"
"LE_341","0001/01/01","4712/12/31","Payroll Statutory Unit","Pagantis, S.A. (French Branch)","0001/01/01","4712/12/31","OrgUnitClassificationMigration","Pagantis, S.A. (French Branch),Payroll Statutory Unit","0001/01/01","4712/12/31","","HCM_PSU","FR","A","","","","#null"
"LE_144","0001/01/01","4712/12/31","Payroll Statutory Unit","Afterpay US Services, LLC","0001/01/01","4712/12/31","OrgUnitClassificationMigration","Afterpay US Services, LLC,Payroll Statutory Unit","0001/01/01","4712/12/31","","HCM_PSU_US","US","A","","","","#null"
"LE_153","0001/01/01","4712/12/31","Payroll Statutory Unit","Afterpay Canada Limited","0001/01/01","4712/12/31","OrgUnitClassificationMigration","Afterpay Canada Limited,Payroll Statutory Unit","0001/01/01","4712/12/31","","HCM_PSU_CA","CA","A","","","","#null"
"LE_147","0001/01/01","4712/12/31","Payroll Statutory Unit","Lanai (US) 1, LLC","0001/01/01","4712/12/31","OrgUnitClassificationMigration","Lanai (US) 1, LLC,Payroll Statutory Unit","0001/01/01","4712/12/31","","HCM_PSU_US","US","A","","","","#null"
"LE_272","0001/01/01","4712/12/31","Payroll Statutory Unit","Lanai (AU) 2 Pty Ltd","0001/01/01","4712/12/31","OrgUnitClassificationMigration","Lanai (AU) 2 Pty Ltd,Payroll Statutory Unit","0001/01/01","4712/12/31","","HCM_PSU","AU","A","","","","#null"
"LE_504","0001/01/01","4712/12/31","Payroll Statutory Unit","Block of Mexico, SA","0001/01/01","4712/12/31","OrgUnitClassificationMigration","Block of Mexico, SA,Payroll Statutory Unit","0001/01/01","4712/12/31","","HCM_PSU","MX","A","","","","#null"
"LE_327","0001/01/01","4712/12/31","Payroll Statutory Unit","GoParrot SRL","0001/01/01","4712/12/31","OrgUnitClassificationMigration","GoParrot SRL,Payroll Statutory Unit","0001/01/01","4712/12/31","","HCM_PSU","MD","A","","","","#null"
"LE_274","0001/01/01","4712/12/31","Payroll Statutory Unit","Lanai (AU) 2 Pty Ltd.","0001/01/01","4712/12/31","OrgUnitClassificationMigration","Lanai (AU) 2 Pty Ltd.,Payroll Statutory Unit","0001/01/01","4712/12/31","","HCM_PSU","AU","A","","","","#null"
"LE_273","0001/01/01","4712/12/31","Payroll Statutory Unit","Lanai (AU) 1 Pty Ltd.","0001/01/01","4712/12/31","OrgUnitClassificationMigration","Lanai (AU) 1 Pty Ltd.,Payroll Statutory Unit","0001/01/01","4712/12/31","","HCM_PSU","AU","A","","","","#null"
"LE_326","0001/01/01","4712/12/31","Payroll Statutory Unit","Block XYZ Limited","0001/01/01","4712/12/31","OrgUnitClassificationMigration","Block XYZ Limited,Payroll Statutory Unit","0001/01/01","4712/12/31","","HCM_PSU","IE","A","","","","#null"
"LE_154","0001/01/01","4712/12/31","Payroll Statutory Unit","Cash App Canada Payments ULC","0001/01/01","4712/12/31","OrgUnitClassificationMigration","Cash App Canada Payments ULC,Payroll Statutory Unit","0001/01/01","4712/12/31","","HCM_PSU_CA","CA","A","","","","#null"
"LE_149","0001/01/01","4712/12/31","Payroll Statutory Unit","LWAC limited","0001/01/01","4712/12/31","OrgUnitClassificationMigration","LWAC limited,Payroll Statutory Unit","0001/01/01","4712/12/31","","HCM_PSU","BM","A","","","","#null"
"LE_234","0001/01/01","4712/12/31","Payroll Statutory Unit","Cash App Australia Pty Ltd","0001/01/01","4712/12/31","OrgUnitClassificationMigration","Cash App Australia Pty Ltd,Payroll Statutory Unit","0001/01/01","4712/12/31","","HCM_PSU","AU","A","","","","#null"
"LE_233","0001/01/01","4712/12/31","Payroll Statutory Unit","Cash Holdings Australia Pty Ltd","0001/01/01","4712/12/31","OrgUnitClassificationMigration","Cash Holdings Australia Pty Ltd,Payroll Statutory Unit","0001/01/01","4712/12/31","","HCM_PSU","AU","A","","","","#null"
"LE_328","0001/01/01","4712/12/31","Payroll Statutory Unit","Squareup International Limited, Establecimiento Permanente en España","0001/01/01","4712/12/31","OrgUnitClassificationMigration","Squareup International Limited, Establecimiento Permanente en España,Payroll Statutory Unit","0001/01/01","4712/12/31","","HCM_PSU","IE","A","","","","#null"
"LE_125","0001/01/01","4712/12/31","Payroll Statutory Unit","C Equals LN, LLC","0001/01/01","4712/12/31","OrgUnitClassificationMigration","C Equals LN, LLC,Payroll Statutory Unit","0001/01/01","4712/12/31","","HCM_PSU_US","US","A","","","","#null"
"LE_329","0001/01/01","4712/12/31","Payroll Statutory Unit","Squareup International Limited, Succursale en France","0001/01/01","4712/12/31","OrgUnitClassificationMigration","Squareup International Limited, Succursale en France,Payroll Statutory Unit","0001/01/01","4712/12/31","","HCM_PSU","FR","A","","","","#null"
"LE_161","0001/01/01","4712/12/31","Payroll Statutory Unit","Block XYZ Technology LLC","0001/01/01","4712/12/31","OrgUnitClassificationMigration","Block XYZ Technology LLC,Payroll Statutory Unit","0001/01/01","4712/12/31","","HCM_PSU","SG","A","","","","#null"
"LE_343","0001/01/01","4712/12/31","Payroll Statutory Unit","Treasury (IE) Ltd","0001/01/01","4712/12/31","OrgUnitClassificationMigration","Treasury (IE) Ltd,Payroll Statutory Unit","0001/01/01","4712/12/31","","HCM_PSU","IE","A","","","","#null"
"LE_162","0001/01/01","4712/12/31","Payroll Statutory Unit","Block XYZ International Holdings Inc","0001/01/01","4712/12/31","OrgUnitClassificationMigration","Block XYZ International Holdings Inc,Payroll Statutory Unit","0001/01/01","4712/12/31","","HCM_PSU_US","US","A","","","","#null"
"LE_163","0001/01/01","4712/12/31","Payroll Statutory Unit","Proto Global, LLC","0001/01/01","4712/12/31","OrgUnitClassificationMigration","Proto Global, LLC,Payroll Statutory Unit","0001/01/01","4712/12/31","","HCM_PSU_US","US","A","","","","#null"
"LE_344","0001/01/01","4712/12/31","Payroll Statutory Unit","Block XYZ Limited (Greece), Foreign Branch","0001/01/01","4712/12/31","OrgUnitClassificationMigration","Block XYZ Limited (Greece), Foreign Branch,Payroll Statutory Unit","0001/01/01","4712/12/31","","HCM_PSU","GR","A","","","","#null"
"Goose_Config_Export","0001/01/01","4712/12/31","Payroll Statutory Unit","Goose_Config_Export","0001/01/01","4712/12/31","OrgUnitClassificationMigration","Goose_Config_Export,Payroll Statutory Unit","0001/01/01","4712/12/31","","HCM_PSU_US","US","A","","","","#null"
