"ShortCode","TypeName","Attribute1","Attribute10","Attribute11","Attribute12","Attribute13","Attribute14","Attribute15","Attribute2","Attribute3","Attribute4","Attribute5","Attribute6","Attribute7","Attribute8","Attribute9","AttributeCategory","CoContTermsLayoutCode","CoLayoutTemplate","ContractTemplateCode","CreatedBy","CreationDate","DocumentSubtype","DocumentTemplateCode","DocumentTypeCode","LastUpdateDate","LastUpdateLogin","LastUpdatedBy","EnterpriseId","CoTemplateCode","ResponseTemplateCode","TemplateExistsFlag"
"Ireland","Auction","","","","","","","","","","","","","","","","","ContractTermsProcurement","","ContractTermsProcurement","venkat@squareup.com","2018/09/28 03:11:03.125","BUYER AUCTION","Negotiation Layout","AUCTION","2018/09/28 03:12:27.235","7607413D92F5B025E053140C1B0A1AA6","venkat@squareup.com","1","","Response Layout","N"
"Ireland","Blanket Purchase Agreement","","","","","","","","","","","","","","","","","ContractTermsProcurement","Blanket Purchase Agreement Change Order Layout","ContractTermsProcurement","venkat@squareup.com","2018/09/28 03:11:03.168","BLANKET","Purchase Agreement Layout","PA","2018/09/28 03:12:27.243","7607413D92F5B025E053140C1B0A1AA6","venkat@squareup.com","1","BPA_CHANGE_ORDER_TEMPLATE","","N"
"Ireland","Contract Purchase Agreement","","","","","","","","","","","","","","","","","ContractTermsProcurement","Contract Purchase Agreement Change Order Layout","ContractTermsProcurement","venkat@squareup.com","2018/09/28 03:11:03.19","CONTRACT","Purchase Agreement Layout","PA","2018/09/28 03:12:27.247","7607413D92F5B025E053140C1B0A1AA6","venkat@squareup.com","1","CPA_CHANGE_ORDER_TEMPLATE","","N"
"Ireland","Purchase Order","","","","","","","","","","","","","","","","","ContractTermsProcurement","Purchase Order Change Order Layout","ContractTermsProcurement","venkat@squareup.com","2018/09/28 03:11:03.206","STANDARD","Purchase Order Layout","PO","2018/09/28 03:12:27.248","7607413D92F5B025E053140C1B0A1AA6","venkat@squareup.com","1","PO_CHANGE_ORDER_TEMPLATE","","Y"
"Ireland","RFI","","","","","","","","","","","","","","","","","ContractTermsProcurement","","ContractTermsProcurement","venkat@squareup.com","2018/09/28 03:11:03.22","SOURCING RFI","Negotiation Layout","SOURCING RFI","2018/09/28 03:12:27.251","7607413D92F5B025E053140C1B0A1AA6","venkat@squareup.com","1","","Response Layout","N"
"Ireland","RFQ","","","","","","","","","","","","","","","","","ContractTermsProcurement","","ContractTermsProcurement","venkat@squareup.com","2018/09/28 03:11:03.248","SOURCING RFQ","Negotiation Layout","SOURCING RFQ","2018/09/28 03:12:27.255","7607413D92F5B025E053140C1B0A1AA6","venkat@squareup.com","1","","Response Layout","N"
"Singapore SGD","Auction","","","","","","","","","","","","","","","","","ContractTermsProcurement","","ContractTermsProcurement","phani@squareup.com","2022/06/09 19:14:19.707","BUYER AUCTION","Negotiation Layout","AUCTION","2022/06/09 19:16:52.891","E0F9F58906A3F9B6E0539696500A6C4D","phani@squareup.com","1","","Response Layout","N"
"Singapore SGD","Blanket Purchase Agreement","","","","","","","","","","","","","","","","","ContractTermsProcurement","Blanket Purchase Agreement Change Order Layout","ContractTermsProcurement","phani@squareup.com","2022/06/09 19:14:19.827","BLANKET","Custom BPA PDF","PA","2022/06/09 19:17:48.318","E0F9F58906A3F9B6E0539696500A6C4D","phani@squareup.com","1","BPA_CHANGE_ORDER_TEMPLATE","","N"
"Singapore SGD","Contract Purchase Agreement","","","","","","","","","","","","","","","","","ContractTermsProcurement","Contract Purchase Agreement Change Order Layout","ContractTermsProcurement","phani@squareup.com","2022/06/09 19:14:19.996","CONTRACT","Purchase Agreement Layout","PA","2022/06/09 19:16:52.906","E0F9F58906A3F9B6E0539696500A6C4D","phani@squareup.com","1","CPA_CHANGE_ORDER_TEMPLATE","","N"
"Singapore SGD","Purchase Order","","","","","","","","","","","","","","","","","ContractTermsProcurement","Purchase Order Change Order Layout","ContractTermsProcurement","phani@squareup.com","2022/06/09 19:14:20.007","STANDARD","SQ Purchase Order Print Template PO Mask","PO","2022/06/09 19:17:31.095","E0F9F58906A3F9B6E0539696500A6C4D","phani@squareup.com","1","PO_CHANGE_ORDER_TEMPLATE","","N"
"Singapore SGD","RFI","","","","","","","","","","","","","","","","","ContractTermsProcurement","","ContractTermsProcurement","phani@squareup.com","2022/06/09 19:14:20.015","SOURCING RFI","Negotiation Layout","SOURCING RFI","2022/06/09 19:16:52.909","E0F9F58906A3F9B6E0539696500A6C4D","phani@squareup.com","1","","Response Layout","N"
"Singapore SGD","RFQ","","","","","","","","","","","","","","","","","ContractTermsProcurement","","ContractTermsProcurement","phani@squareup.com","2022/06/09 19:14:20.028","SOURCING RFQ","Negotiation Layout","SOURCING RFQ","2022/06/09 19:16:52.914","E0F9F58906A3F9B6E0539696500A6C4D","phani@squareup.com","1","","Response Layout","N"
"Netherlands","Auction","","","","","","","","","","","","","","","","","ContractTermsProcurement","","ContractTermsProcurement","phani@squareup.com","2021/06/29 12:06:25.014","BUYER AUCTION","Negotiation Layout","AUCTION","2021/06/29 12:08:38.174","C2E902B4A87D4FDCE053A162500A91A6","phani@squareup.com","1","","Response Layout","N"
"Netherlands","RFI","","","","","","","","","","","","","","","","","ContractTermsProcurement","","ContractTermsProcurement","phani@squareup.com","2021/06/29 12:06:25.056","SOURCING RFI","Negotiation Layout","SOURCING RFI","2021/06/29 12:08:38.286","C2E902B4A87D4FDCE053A162500A91A6","phani@squareup.com","1","","Response Layout","N"
"Netherlands","RFQ","","","","","","","","","","","","","","","","","ContractTermsProcurement","","ContractTermsProcurement","phani@squareup.com","2021/06/29 12:06:25.062","SOURCING RFQ","Negotiation Layout","SOURCING RFQ","2021/06/29 12:08:38.326","C2E902B4A87D4FDCE053A162500A91A6","phani@squareup.com","1","","Response Layout","N"
"Netherlands","Blanket Purchase Agreement","","","","","","","","","","","","","","","","","ContractTermsProcurement","Blanket Purchase Agreement Change Order Layout","ContractTermsProcurement","phani@squareup.com","2021/06/29 12:06:25.033","BLANKET","Custom BPA PDF","PA","2021/06/29 12:08:38.22","C2E902B4A87D4FDCE053A162500A91A6","phani@squareup.com","1","BPA_CHANGE_ORDER_TEMPLATE","","N"
"Netherlands","Contract Purchase Agreement","","","","","","","","","","","","","","","","","ContractTermsProcurement","Contract Purchase Agreement Change Order Layout","ContractTermsProcurement","phani@squareup.com","2021/06/29 12:06:25.041","CONTRACT","Purchase Agreement Layout","PA","2021/06/29 12:08:38.276","C2E902B4A87D4FDCE053A162500A91A6","phani@squareup.com","1","CPA_CHANGE_ORDER_TEMPLATE","","N"
"Netherlands","Purchase Order","","","","","","","","","","","","","","","","","ContractTermsProcurement","Purchase Order Change Order Layout","ContractTermsProcurement","phani@squareup.com","2021/06/29 12:06:25.049","STANDARD","SQ Purchase Order Print Template PO Mask","PO","2021/06/29 12:08:38.278","C2E902B4A87D4FDCE053A162500A91A6","phani@squareup.com","1","PO_CHANGE_ORDER_TEMPLATE","","N"
"Bitcoin HW NL","Auction","","","","","","","","","","","","","","","","","ContractTermsProcurement","","ContractTermsProcurement","sqinterface_oracle@squareup.com","2023/06/20 05:18:51.517","BUYER AUCTION","Negotiation Layout","AUCTION","2023/06/20 05:19:53.448","FE7D9AB47A29D884E0534893500AFB35","sqinterface_oracle@squareup.com","1","","Response Layout","N"
"Bitcoin HW NL","Blanket Purchase Agreement","","","","","","","","","","","","","","","","","ContractTermsProcurement","Blanket Purchase Agreement Change Order Layout","ContractTermsProcurement","sqinterface_oracle@squareup.com","2023/06/20 05:18:51.581","BLANKET","Purchase Agreement Layout","PA","2023/06/20 05:19:53.45","FE7D9AB47A29D884E0534893500AFB35","sqinterface_oracle@squareup.com","1","BPA_CHANGE_ORDER_TEMPLATE","","N"
"Bitcoin HW NL","Contract Purchase Agreement","","","","","","","","","","","","","","","","","ContractTermsProcurement","Contract Purchase Agreement Change Order Layout","ContractTermsProcurement","sqinterface_oracle@squareup.com","2023/06/20 05:18:51.606","CONTRACT","Purchase Agreement Layout","PA","2023/06/20 05:19:53.451","FE7D9AB47A29D884E0534893500AFB35","sqinterface_oracle@squareup.com","1","CPA_CHANGE_ORDER_TEMPLATE","","N"
"Bitcoin HW NL","Purchase Order","","","","","","","","","","","","","","","","","ContractTermsProcurement","Purchase Order Change Order Layout","ContractTermsProcurement","sqinterface_oracle@squareup.com","2023/06/20 05:18:51.612","STANDARD","SQ Purchase Order Print Template PO Mask","PO","2024/01/13 00:42:40.272","0EBCD4E4B70A52ACE0639696500AAF41","sqinterface_oracle@squareup.com","1","PO_CHANGE_ORDER_TEMPLATE","","N"
"Bitcoin HW NL","RFI","","","","","","","","","","","","","","","","","ContractTermsProcurement","","ContractTermsProcurement","sqinterface_oracle@squareup.com","2023/06/20 05:18:51.618","SOURCING RFI","Negotiation Layout","SOURCING RFI","2023/06/20 05:19:53.455","FE7D9AB47A29D884E0534893500AFB35","sqinterface_oracle@squareup.com","1","","Response Layout","N"
"Bitcoin HW NL","RFQ","","","","","","","","","","","","","","","","","ContractTermsProcurement","","ContractTermsProcurement","sqinterface_oracle@squareup.com","2023/06/20 05:18:51.623","SOURCING RFQ","Negotiation Layout","SOURCING RFQ","2023/06/20 05:19:53.456","FE7D9AB47A29D884E0534893500AFB35","sqinterface_oracle@squareup.com","1","","Response Layout","N"
"Sweden","Auction","","","","","","","","","","","","","","","","","ContractTermsProcurement","","ContractTermsProcurement","shashi@squareup.com","2023/02/27 08:05:28.025","BUYER AUCTION","Negotiation Layout","AUCTION","2023/02/27 08:07:25.247","F58B9794253BB9A2E0534893500A6529","shashi@squareup.com","1","","Response Layout","N"
"Sweden","Blanket Purchase Agreement","","","","","","","","","","","","","","","","","ContractTermsProcurement","Blanket Purchase Agreement Change Order Layout","ContractTermsProcurement","shashi@squareup.com","2023/02/27 08:05:28.039","BLANKET","Purchase Agreement Layout","PA","2023/02/27 08:07:25.269","F58B9794253BB9A2E0534893500A6529","shashi@squareup.com","1","BPA_CHANGE_ORDER_TEMPLATE","","N"
"Sweden","Contract Purchase Agreement","","","","","","","","","","","","","","","","","ContractTermsProcurement","Contract Purchase Agreement Change Order Layout","ContractTermsProcurement","shashi@squareup.com","2023/02/27 08:05:28.053","CONTRACT","Purchase Agreement Layout","PA","2023/02/27 08:07:25.271","F58B9794253BB9A2E0534893500A6529","shashi@squareup.com","1","CPA_CHANGE_ORDER_TEMPLATE","","N"
"Sweden","Purchase Order","","","","","","","","","","","","","","","","","ContractTermsProcurement","Purchase Order Change Order Layout","ContractTermsProcurement","shashi@squareup.com","2023/02/27 08:05:28.064","STANDARD","Purchase Order Layout","PO","2023/02/27 08:07:25.274","F58B9794253BB9A2E0534893500A6529","shashi@squareup.com","1","PO_CHANGE_ORDER_TEMPLATE","","N"
"Sweden","RFI","","","","","","","","","","","","","","","","","ContractTermsProcurement","","ContractTermsProcurement","shashi@squareup.com","2023/02/27 08:05:28.074","SOURCING RFI","Negotiation Layout","SOURCING RFI","2023/02/27 08:07:25.277","F58B9794253BB9A2E0534893500A6529","shashi@squareup.com","1","","Response Layout","N"
"Sweden","RFQ","","","","","","","","","","","","","","","","","ContractTermsProcurement","","ContractTermsProcurement","shashi@squareup.com","2023/02/27 08:05:28.084","SOURCING RFQ","Negotiation Layout","SOURCING RFQ","2023/02/27 08:07:25.28","F58B9794253BB9A2E0534893500A6529","shashi@squareup.com","1","","Response Layout","N"
"Square Financial Services (US) - 131","Auction","","","","","","","","","","","","","","","","","ContractTermsProcurement","","ContractTermsProcurement","srimanth@squareup.com","2021/02/26 19:59:22.715","BUYER AUCTION","Negotiation Layout","AUCTION","2021/02/26 20:07:32.95","BBD527FC822E1668E053A062500AEA1E","srimanth@squareup.com","1","","Response Layout","N"
"Square Financial Services (US) - 131","Blanket Purchase Agreement","","","","","","","","","","","","","","","","","ContractTermsProcurement","Blanket Purchase Agreement Change Order Layout","ContractTermsProcurement","srimanth@squareup.com","2021/02/26 19:59:22.779","BLANKET","Purchase Agreement Layout","PA","2021/02/26 20:07:32.967","BBD527FC822E1668E053A062500AEA1E","srimanth@squareup.com","1","BPA_CHANGE_ORDER_TEMPLATE","","N"
"Square Financial Services (US) - 131","Contract Purchase Agreement","","","","","","","","","","","","","","","","","ContractTermsProcurement","Contract Purchase Agreement Change Order Layout","ContractTermsProcurement","srimanth@squareup.com","2021/02/26 19:59:22.841","CONTRACT","Purchase Agreement Layout","PA","2021/02/26 20:07:32.971","BBD527FC822E1668E053A062500AEA1E","srimanth@squareup.com","1","CPA_CHANGE_ORDER_TEMPLATE","","N"
"Square Financial Services (US) - 131","Purchase Order","","","","","","","","","","","","","","","","","ContractTermsProcurement","Purchase Order Change Order Layout","ContractTermsProcurement","srimanth@squareup.com","2021/02/26 19:59:22.848","STANDARD","Purchase Order Layout","PO","2021/02/26 20:07:32.972","BBD527FC822E1668E053A062500AEA1E","srimanth@squareup.com","1","PO_CHANGE_ORDER_TEMPLATE","","N"
"Square Financial Services (US) - 131","RFI","","","","","","","","","","","","","","","","","ContractTermsProcurement","","ContractTermsProcurement","srimanth@squareup.com","2021/02/26 19:59:22.855","SOURCING RFI","Negotiation Layout","SOURCING RFI","2021/02/26 20:07:32.974","BBD527FC822E1668E053A062500AEA1E","srimanth@squareup.com","1","","Response Layout","N"
"Square Financial Services (US) - 131","RFQ","","","","","","","","","","","","","","","","","ContractTermsProcurement","","ContractTermsProcurement","srimanth@squareup.com","2021/02/26 19:59:22.867","SOURCING RFQ","Negotiation Layout","SOURCING RFQ","2021/02/26 20:07:32.977","BBD527FC822E1668E053A062500AEA1E","srimanth@squareup.com","1","","Response Layout","N"
"Global Risk Engagement B.V. (TWN) - 215","Auction","","","","","","","","","","","","","","","","","ContractTermsProcurement","","ContractTermsProcurement","phani@squareup.com","2021/06/04 09:49:45.102","BUYER AUCTION","Negotiation Layout","AUCTION","2021/06/04 09:56:00.168","C39972CF72BDAC1FE053A062500AF938","phani@squareup.com","1","","Response Layout","N"
"Global Risk Engagement B.V. (TWN) - 215","Blanket Purchase Agreement","","","","","","","","","","","","","","","","","ContractTermsProcurement","Blanket Purchase Agreement Change Order Layout","ContractTermsProcurement","phani@squareup.com","2021/06/04 09:49:45.339","BLANKET","Custom BPA PDF","PA","2021/06/04 09:56:00.184","C39972CF72BDAC1FE053A062500AF938","phani@squareup.com","1","BPA_CHANGE_ORDER_TEMPLATE","","N"
"Global Risk Engagement B.V. (TWN) - 215","Contract Purchase Agreement","","","","","","","","","","","","","","","","","ContractTermsProcurement","Contract Purchase Agreement Change Order Layout","ContractTermsProcurement","phani@squareup.com","2021/06/04 09:49:45.519","CONTRACT","Purchase Agreement Layout","PA","2021/06/04 09:56:00.19","C39972CF72BDAC1FE053A062500AF938","phani@squareup.com","1","CPA_CHANGE_ORDER_TEMPLATE","","N"
"Global Risk Engagement B.V. (TWN) - 215","Purchase Order","","","","","","","","","","","","","","","","","ContractTermsProcurement","Purchase Order Change Order Layout","ContractTermsProcurement","phani@squareup.com","2021/06/04 09:49:45.526","STANDARD","SQ Purchase Order Print Template PO Mask","PO","2021/06/04 09:56:00.192","C39972CF72BDAC1FE053A062500AF938","phani@squareup.com","1","PO_CHANGE_ORDER_TEMPLATE","","N"
"Global Risk Engagement B.V. (TWN) - 215","RFI","","","","","","","","","","","","","","","","","ContractTermsProcurement","","ContractTermsProcurement","phani@squareup.com","2021/06/04 09:49:45.532","SOURCING RFI","Negotiation Layout","SOURCING RFI","2021/06/04 09:56:00.195","C39972CF72BDAC1FE053A062500AF938","phani@squareup.com","1","","Response Layout","N"
"Global Risk Engagement B.V. (TWN) - 215","RFQ","","","","","","","","","","","","","","","","","ContractTermsProcurement","","ContractTermsProcurement","phani@squareup.com","2021/06/04 09:49:45.603","SOURCING RFQ","Negotiation Layout","SOURCING RFQ","2021/06/04 09:56:00.198","C39972CF72BDAC1FE053A062500AF938","phani@squareup.com","1","","Response Layout","N"
"Spain","Auction","","","","","","","","","","","","","","","","","ContractTermsProcurement","","ContractTermsProcurement","phani@squareup.com","2021/01/12 07:42:00.787","BUYER AUCTION","Negotiation Layout","AUCTION","2021/01/12 07:46:54.427","B71C07CF1B000E75E053A062500A39E7","phani@squareup.com","1","","Response Layout","N"
"Spain","Blanket Purchase Agreement","","","","","","","","","","","","","","","","","ContractTermsProcurement","Blanket Purchase Agreement Change Order Layout","ContractTermsProcurement","phani@squareup.com","2021/01/12 07:42:00.86","BLANKET","Purchase Agreement Layout","PA","2021/01/12 07:46:54.438","B71C07CF1B000E75E053A062500A39E7","phani@squareup.com","1","BPA_CHANGE_ORDER_TEMPLATE","","N"
"Spain","Contract Purchase Agreement","","","","","","","","","","","","","","","","","ContractTermsProcurement","Contract Purchase Agreement Change Order Layout","ContractTermsProcurement","phani@squareup.com","2021/01/12 07:42:00.924","CONTRACT","Purchase Agreement Layout","PA","2021/01/12 07:46:54.442","B71C07CF1B000E75E053A062500A39E7","phani@squareup.com","1","CPA_CHANGE_ORDER_TEMPLATE","","N"
"Spain","Purchase Order","","","","","","","","","","","","","","","","","ContractTermsProcurement","Purchase Order Change Order Layout","ContractTermsProcurement","phani@squareup.com","2021/01/12 07:42:00.933","STANDARD","Purchase Order Layout","PO","2021/01/12 07:46:54.443","B71C07CF1B000E75E053A062500A39E7","phani@squareup.com","1","PO_CHANGE_ORDER_TEMPLATE","","N"
"Spain","RFI","","","","","","","","","","","","","","","","","ContractTermsProcurement","","ContractTermsProcurement","phani@squareup.com","2021/01/12 07:42:00.941","SOURCING RFI","Negotiation Layout","SOURCING RFI","2021/01/12 07:46:54.444","B71C07CF1B000E75E053A062500A39E7","phani@squareup.com","1","","Response Layout","N"
"Spain","RFQ","","","","","","","","","","","","","","","","","ContractTermsProcurement","","ContractTermsProcurement","phani@squareup.com","2021/01/12 07:42:00.952","SOURCING RFQ","Negotiation Layout","SOURCING RFQ","2021/01/12 07:46:54.447","B71C07CF1B000E75E053A062500A39E7","phani@squareup.com","1","","Response Layout","N"
"Canada","Auction","","","","","","","","","","","","","","","","","ContractTermsProcurement","","ContractTermsProcurement","venkat@squareup.com","2018/06/10 21:59:28.061","BUYER AUCTION","Negotiation Layout","AUCTION","2018/06/10 22:00:20.802","6B851F75CF33BC8BE053120C1B0A0CAA","venkat@squareup.com","1","","Response Layout","N"
"Canada","Blanket Purchase Agreement","","","","","","","","","","","","","","","","","ContractTermsProcurement","Blanket Purchase Agreement Change Order Layout","ContractTermsProcurement","venkat@squareup.com","2018/06/10 21:59:28.108","BLANKET","Purchase Agreement Layout","PA","2018/06/10 22:00:20.804","6B851F75CF33BC8BE053120C1B0A0CAA","venkat@squareup.com","1","BPA_CHANGE_ORDER_TEMPLATE","","Y"
"Canada","Contract Purchase Agreement","","","","","","","","","","","","","","","","","ContractTermsProcurement","Contract Purchase Agreement Change Order Layout","ContractTermsProcurement","venkat@squareup.com","2018/06/10 21:59:28.127","CONTRACT","Purchase Agreement Layout","PA","2018/06/10 22:00:20.806","6B851F75CF33BC8BE053120C1B0A0CAA","venkat@squareup.com","1","CPA_CHANGE_ORDER_TEMPLATE","","N"
"Canada","Purchase Order","","","","","","","","","","","","","","","","","ContractTermsProcurement","Purchase Order Change Order Layout","ContractTermsProcurement","venkat@squareup.com","2018/06/10 21:59:28.139","STANDARD","SQ Purchase Order Print Template PO Mask","PO","2020/04/26 13:24:22.351","A1C7CA3B94204F67E053120C1B0A7475","vinay@squareup.com","1","PO_CHANGE_ORDER_TEMPLATE","","Y"
"Canada","RFI","","","","","","","","","","","","","","","","","ContractTermsProcurement","","ContractTermsProcurement","venkat@squareup.com","2018/06/10 21:59:28.152","SOURCING RFI","Negotiation Layout","SOURCING RFI","2018/06/10 22:00:20.81","6B851F75CF33BC8BE053120C1B0A0CAA","venkat@squareup.com","1","","Response Layout","N"
"Canada","RFQ","","","","","","","","","","","","","","","","","ContractTermsProcurement","","ContractTermsProcurement","venkat@squareup.com","2018/06/10 21:59:28.179","SOURCING RFQ","Negotiation Layout","SOURCING RFQ","2018/06/10 22:00:20.812","6B851F75CF33BC8BE053120C1B0A0CAA","venkat@squareup.com","1","","Response Layout","N"
"USD - International","Auction","","","","","","","","","","","","","","","","","ContractTermsProcurement","","ContractTermsProcurement","shashi@squareup.com","2023/02/27 08:12:04.029","BUYER AUCTION","Negotiation Layout","AUCTION","2023/02/27 08:13:39.165","F58B9794253BB9A2E0534893500A6529","shashi@squareup.com","1","","Response Layout","N"
"USD - International","Blanket Purchase Agreement","","","","","","","","","","","","","","","","","ContractTermsProcurement","Blanket Purchase Agreement Change Order Layout","ContractTermsProcurement","shashi@squareup.com","2023/02/27 08:12:04.044","BLANKET","Purchase Agreement Layout","PA","2023/02/27 08:13:39.171","F58B9794253BB9A2E0534893500A6529","shashi@squareup.com","1","BPA_CHANGE_ORDER_TEMPLATE","","N"
"USD - International","Contract Purchase Agreement","","","","","","","","","","","","","","","","","ContractTermsProcurement","Contract Purchase Agreement Change Order Layout","ContractTermsProcurement","shashi@squareup.com","2023/02/27 08:12:04.055","CONTRACT","Purchase Agreement Layout","PA","2023/02/27 08:13:39.174","F58B9794253BB9A2E0534893500A6529","shashi@squareup.com","1","CPA_CHANGE_ORDER_TEMPLATE","","N"
"USD - International","Purchase Order","","","","","","","","","","","","","","","","","ContractTermsProcurement","Purchase Order Change Order Layout","ContractTermsProcurement","shashi@squareup.com","2023/02/27 08:12:04.07","STANDARD","Purchase Order Layout","PO","2023/02/27 08:13:39.177","F58B9794253BB9A2E0534893500A6529","shashi@squareup.com","1","PO_CHANGE_ORDER_TEMPLATE","","N"
"USD - International","RFI","","","","","","","","","","","","","","","","","ContractTermsProcurement","","ContractTermsProcurement","shashi@squareup.com","2023/02/27 08:12:04.079","SOURCING RFI","Negotiation Layout","SOURCING RFI","2023/02/27 08:13:39.18","F58B9794253BB9A2E0534893500A6529","shashi@squareup.com","1","","Response Layout","N"
"USD - International","RFQ","","","","","","","","","","","","","","","","","ContractTermsProcurement","","ContractTermsProcurement","shashi@squareup.com","2023/02/27 08:12:04.088","SOURCING RFQ","Negotiation Layout","SOURCING RFQ","2023/02/27 08:13:39.183","F58B9794253BB9A2E0534893500A6529","shashi@squareup.com","1","","Response Layout","N"
"Bitcoin HW US","Auction","","","","","","","","","","","","","","","","","ContractTermsProcurement","","ContractTermsProcurement","sqinterface_oracle@squareup.com","2023/06/20 05:15:21.618","BUYER AUCTION","Negotiation Layout","AUCTION","2023/06/20 05:17:55.612","FE7D9AB47A29D884E0534893500AFB35","sqinterface_oracle@squareup.com","1","","Response Layout","N"
"Bitcoin HW US","Blanket Purchase Agreement","","","","","","","","","","","","","","","","","ContractTermsProcurement","Blanket Purchase Agreement Change Order Layout","ContractTermsProcurement","sqinterface_oracle@squareup.com","2023/06/20 05:15:21.686","BLANKET","Purchase Agreement Layout","PA","2023/06/20 05:17:55.623","FE7D9AB47A29D884E0534893500AFB35","sqinterface_oracle@squareup.com","1","BPA_CHANGE_ORDER_TEMPLATE","","N"
"Bitcoin HW US","Contract Purchase Agreement","","","","","","","","","","","","","","","","","ContractTermsProcurement","Contract Purchase Agreement Change Order Layout","ContractTermsProcurement","sqinterface_oracle@squareup.com","2023/06/20 05:15:21.806","CONTRACT","Purchase Agreement Layout","PA","2023/06/20 05:17:55.627","FE7D9AB47A29D884E0534893500AFB35","sqinterface_oracle@squareup.com","1","CPA_CHANGE_ORDER_TEMPLATE","","N"
"Bitcoin HW US","Purchase Order","","","","","","","","","","","","","","","","","ContractTermsProcurement","Purchase Order Change Order Layout","ContractTermsProcurement","sqinterface_oracle@squareup.com","2023/06/20 05:15:21.812","STANDARD","SQ Purchase Order Print Template PO Mask","PO","2024/01/13 00:41:55.32","0EBCD4E4B70A52ACE0639696500AAF41","sqinterface_oracle@squareup.com","1","PO_CHANGE_ORDER_TEMPLATE","","N"
"Bitcoin HW US","RFI","","","","","","","","","","","","","","","","","ContractTermsProcurement","","ContractTermsProcurement","sqinterface_oracle@squareup.com","2023/06/20 05:15:21.816","SOURCING RFI","Negotiation Layout","SOURCING RFI","2023/06/20 05:17:55.629","FE7D9AB47A29D884E0534893500AFB35","sqinterface_oracle@squareup.com","1","","Response Layout","N"
"Bitcoin HW US","RFQ","","","","","","","","","","","","","","","","","ContractTermsProcurement","","ContractTermsProcurement","sqinterface_oracle@squareup.com","2023/06/20 05:15:21.836","SOURCING RFQ","Negotiation Layout","SOURCING RFQ","2023/06/20 05:17:55.633","FE7D9AB47A29D884E0534893500AFB35","sqinterface_oracle@squareup.com","1","","Response Layout","N"
"US","Auction","","","","","","","","","","","","","","","","","ContractTermsProcurement","","ContractTermsProcurement","venkat@squareup.com","2018/06/10 21:53:08.384","BUYER AUCTION","Negotiation Layout","AUCTION","2018/06/10 21:57:52.134","6B851F75CF33BC8BE053120C1B0A0CAA","venkat@squareup.com","1","","Response Layout","N"
"US","Blanket Purchase Agreement","","","","","","","","","","","","","","","","","ContractTermsProcurement","Blanket Purchase Agreement Change Order Layout","ContractTermsProcurement","venkat@squareup.com","2018/06/10 21:53:08.504","BLANKET","Custom BPA PDF","PA","2019/11/06 19:09:55.85","96AA4557AD7E902EE053140C1B0AD13C","pavan1@squareup.com","1","BPA_CHANGE_ORDER_TEMPLATE","","Y"
"US","Contract Purchase Agreement","","","","","","","","","","","","","","","","","ContractTermsProcurement","Contract Purchase Agreement Change Order Layout","ContractTermsProcurement","venkat@squareup.com","2018/06/10 21:53:08.756","CONTRACT","Purchase Agreement Layout","PA","2018/06/10 21:57:52.214","6B851F75CF33BC8BE053120C1B0A0CAA","venkat@squareup.com","1","CPA_CHANGE_ORDER_TEMPLATE","","N"
"US","Purchase Order","","","","","","","","","","","","","","","","","ContractTermsProcurement","Purchase Order Change Order Layout","ContractTermsProcurement","venkat@squareup.com","2018/06/10 21:53:08.772","STANDARD","SQ Purchase Order Print Template PO Mask","PO","2023/11/29 16:05:01.659","0B4D3684BABD9AFEE0634893500ADFFC","jindal@squareup.com","1","PO_CHANGE_ORDER_TEMPLATE","","Y"
"US","RFI","","","","","","","","","","","","","","","","","ContractTermsProcurement","","ContractTermsProcurement","venkat@squareup.com","2018/06/10 21:53:08.796","SOURCING RFI","Negotiation Layout","SOURCING RFI","2018/06/10 21:57:52.263","6B851F75CF33BC8BE053120C1B0A0CAA","venkat@squareup.com","1","","Response Layout","N"
"US","RFQ","","","","","","","","","","","","","","","","","ContractTermsProcurement","","ContractTermsProcurement","venkat@squareup.com","2018/06/10 21:53:08.84","SOURCING RFQ","Negotiation Layout","SOURCING RFQ","2018/06/10 21:57:52.267","6B851F75CF33BC8BE053120C1B0A0CAA","venkat@squareup.com","1","","Response Layout","N"
"Tidal Japan","Auction","","","","","","","","","","","","","","","","","ContractTermsProcurement","","ContractTermsProcurement","phani@squareup.com","2021/12/15 12:23:44.02","BUYER AUCTION","Negotiation Layout","AUCTION","2021/12/15 12:24:41.38","D134D1C56025B3CCE053A162500A515D","phani@squareup.com","1","","Response Layout","N"
"Tidal Japan","Blanket Purchase Agreement","","","","","","","","","","","","","","","","","ContractTermsProcurement","Blanket Purchase Agreement Change Order Layout","ContractTermsProcurement","phani@squareup.com","2021/12/15 12:23:44.033","BLANKET","Custom BPA PDF","PA","2021/12/15 12:26:43.736","D134D1C56025B3CCE053A162500A515D","phani@squareup.com","1","BPA_CHANGE_ORDER_TEMPLATE","","N"
"Tidal Japan","Contract Purchase Agreement","","","","","","","","","","","","","","","","","ContractTermsProcurement","Contract Purchase Agreement Change Order Layout","ContractTermsProcurement","phani@squareup.com","2021/12/15 12:23:44.04","CONTRACT","Purchase Agreement Layout","PA","2021/12/15 12:24:41.384","D134D1C56025B3CCE053A162500A515D","phani@squareup.com","1","CPA_CHANGE_ORDER_TEMPLATE","","N"
"Tidal Japan","Purchase Order","","","","","","","","","","","","","","","","","ContractTermsProcurement","Purchase Order Change Order Layout","ContractTermsProcurement","phani@squareup.com","2021/12/15 12:23:44.047","STANDARD","SQ Purchase Order Print Template PO Mask","PO","2021/12/15 12:26:55.783","D134D1C56025B3CCE053A162500A515D","phani@squareup.com","1","PO_CHANGE_ORDER_TEMPLATE","","N"
"Tidal Japan","RFI","","","","","","","","","","","","","","","","","ContractTermsProcurement","","ContractTermsProcurement","phani@squareup.com","2021/12/15 12:23:44.053","SOURCING RFI","Negotiation Layout","SOURCING RFI","2021/12/15 12:24:41.387","D134D1C56025B3CCE053A162500A515D","phani@squareup.com","1","","Response Layout","N"
"Tidal Japan","RFQ","","","","","","","","","","","","","","","","","ContractTermsProcurement","","ContractTermsProcurement","phani@squareup.com","2021/12/15 12:23:44.058","SOURCING RFQ","Negotiation Layout","SOURCING RFQ","2021/12/15 12:24:41.388","D134D1C56025B3CCE053A162500A515D","phani@squareup.com","1","","Response Layout","N"
"Squareup GmbH (DE) - 317","Auction","","","","","","","","","","","","","","","","","ContractTermsProcurement","","ContractTermsProcurement","phani@squareup.com","2021/08/11 09:55:45.016","BUYER AUCTION","Negotiation Layout","AUCTION","2021/08/11 09:59:06.656","C8656B94ACF3BC2DE053A162500A259D","phani@squareup.com","1","","Response Layout","N"
"Squareup GmbH (DE) - 317","Blanket Purchase Agreement","","","","","","","","","","","","","","","","","ContractTermsProcurement","Blanket Purchase Agreement Change Order Layout","ContractTermsProcurement","phani@squareup.com","2021/08/11 09:55:45.031","BLANKET","Custom BPA PDF","PA","2021/08/11 10:00:37.553","C8656B94ACF3BC2DE053A162500A259D","phani@squareup.com","1","BPA_CHANGE_ORDER_TEMPLATE","","N"
"Squareup GmbH (DE) - 317","Contract Purchase Agreement","","","","","","","","","","","","","","","","","ContractTermsProcurement","Contract Purchase Agreement Change Order Layout","ContractTermsProcurement","phani@squareup.com","2021/08/11 09:55:45.038","CONTRACT","Purchase Agreement Layout","PA","2021/08/11 09:59:06.698","C8656B94ACF3BC2DE053A162500A259D","phani@squareup.com","1","CPA_CHANGE_ORDER_TEMPLATE","","N"
"Squareup GmbH (DE) - 317","Purchase Order","","","","","","","","","","","","","","","","","ContractTermsProcurement","Purchase Order Change Order Layout","ContractTermsProcurement","phani@squareup.com","2021/08/11 09:55:45.044","STANDARD","SQ Purchase Order Print Template PO Mask","PO","2021/08/11 10:00:37.545","C8656B94ACF3BC2DE053A162500A259D","phani@squareup.com","1","PO_CHANGE_ORDER_TEMPLATE","","N"
"Squareup GmbH (DE) - 317","RFI","","","","","","","","","","","","","","","","","ContractTermsProcurement","","ContractTermsProcurement","phani@squareup.com","2021/08/11 09:55:45.05","SOURCING RFI","Negotiation Layout","SOURCING RFI","2021/08/11 09:59:06.701","C8656B94ACF3BC2DE053A162500A259D","phani@squareup.com","1","","Response Layout","N"
"Squareup GmbH (DE) - 317","RFQ","","","","","","","","","","","","","","","","","ContractTermsProcurement","","ContractTermsProcurement","phani@squareup.com","2021/08/11 09:55:45.055","SOURCING RFQ","Negotiation Layout","SOURCING RFQ","2021/08/11 09:59:06.705","C8656B94ACF3BC2DE053A162500A259D","phani@squareup.com","1","","Response Layout","N"
"Australia","Auction","","","","","","","","","","","","","","","","","ContractTermsProcurement","","ContractTermsProcurement","venkat@squareup.com","2018/09/28 02:54:46.4","BUYER AUCTION","Negotiation Layout","AUCTION","2018/09/28 03:02:47.691","760586B8BB3E72EEE053120C1B0A1C3B","venkat@squareup.com","1","","Response Layout","N"
"Australia","Blanket Purchase Agreement","","","","","","","","","","","","","","","","","ContractTermsProcurement","Blanket Purchase Agreement Change Order Layout","ContractTermsProcurement","venkat@squareup.com","2018/09/28 02:54:46.498","BLANKET","Purchase Agreement Layout","PA","2018/09/28 03:02:47.7","760586B8BB3E72EEE053120C1B0A1C3B","venkat@squareup.com","1","BPA_CHANGE_ORDER_TEMPLATE","","Y"
"Australia","Contract Purchase Agreement","","","","","","","","","","","","","","","","","ContractTermsProcurement","Contract Purchase Agreement Change Order Layout","ContractTermsProcurement","venkat@squareup.com","2018/09/28 02:54:46.799","CONTRACT","Purchase Agreement Layout","PA","2018/09/28 03:02:47.703","760586B8BB3E72EEE053120C1B0A1C3B","venkat@squareup.com","1","CPA_CHANGE_ORDER_TEMPLATE","","N"
"Australia","Purchase Order","","","","","","","","","","","","","","","","","ContractTermsProcurement","Purchase Order Change Order Layout","ContractTermsProcurement","venkat@squareup.com","2018/09/28 02:54:46.809","STANDARD","SQ Purchase Order Print Template PO Mask","PO","2020/04/26 13:23:44.337","A1C7CA3B94204F67E053120C1B0A7475","vinay@squareup.com","1","PO_CHANGE_ORDER_TEMPLATE","","Y"
"Australia","RFI","","","","","","","","","","","","","","","","","ContractTermsProcurement","","ContractTermsProcurement","venkat@squareup.com","2018/09/28 02:54:46.82","SOURCING RFI","Negotiation Layout","SOURCING RFI","2018/09/28 03:02:47.706","760586B8BB3E72EEE053120C1B0A1C3B","venkat@squareup.com","1","","Response Layout","N"
"Australia","RFQ","","","","","","","","","","","","","","","","","ContractTermsProcurement","","ContractTermsProcurement","venkat@squareup.com","2018/09/28 02:54:46.849","SOURCING RFQ","Negotiation Layout","SOURCING RFQ","2018/09/28 03:02:47.71","760586B8BB3E72EEE053120C1B0A1C3B","venkat@squareup.com","1","","Response Layout","N"
"Tidal US","Auction","","","","","","","","","","","","","","","","","ContractTermsProcurement","","ContractTermsProcurement","phani@squareup.com","2021/12/15 12:31:29.017","BUYER AUCTION","Negotiation Layout","AUCTION","2021/12/15 12:32:01.748","D134D1C56025B3CCE053A162500A515D","phani@squareup.com","1","","Response Layout","N"
"Tidal US","Blanket Purchase Agreement","","","","","","","","","","","","","","","","","ContractTermsProcurement","Blanket Purchase Agreement Change Order Layout","ContractTermsProcurement","phani@squareup.com","2021/12/15 12:31:29.027","BLANKET","Custom BPA PDF","PA","2021/12/15 12:32:14.297","D134D1C56025B3CCE053A162500A515D","phani@squareup.com","1","BPA_CHANGE_ORDER_TEMPLATE","","N"
"Tidal US","Contract Purchase Agreement","","","","","","","","","","","","","","","","","ContractTermsProcurement","Contract Purchase Agreement Change Order Layout","ContractTermsProcurement","phani@squareup.com","2021/12/15 12:31:29.034","CONTRACT","Purchase Agreement Layout","PA","2021/12/15 12:32:01.752","D134D1C56025B3CCE053A162500A515D","phani@squareup.com","1","CPA_CHANGE_ORDER_TEMPLATE","","N"
"Tidal US","Purchase Order","","","","","","","","","","","","","","","","","ContractTermsProcurement","Purchase Order Change Order Layout","ContractTermsProcurement","phani@squareup.com","2021/12/15 12:31:29.305","STANDARD","SQ Purchase Order Print Template PO Mask","PO","2021/12/15 12:32:24.57","D134D1C56025B3CCE053A162500A515D","phani@squareup.com","1","PO_CHANGE_ORDER_TEMPLATE","","N"
"Tidal US","RFI","","","","","","","","","","","","","","","","","ContractTermsProcurement","","ContractTermsProcurement","phani@squareup.com","2021/12/15 12:31:29.313","SOURCING RFI","Negotiation Layout","SOURCING RFI","2021/12/15 12:32:01.755","D134D1C56025B3CCE053A162500A515D","phani@squareup.com","1","","Response Layout","N"
"Tidal US","RFQ","","","","","","","","","","","","","","","","","ContractTermsProcurement","","ContractTermsProcurement","phani@squareup.com","2021/12/15 12:31:29.319","SOURCING RFQ","Negotiation Layout","SOURCING RFQ","2021/12/15 12:32:01.756","D134D1C56025B3CCE053A162500A515D","phani@squareup.com","1","","Response Layout","N"
"Tidal Norway","Auction","","","","","","","","","","","","","","","","","ContractTermsProcurement","","ContractTermsProcurement","phani@squareup.com","2021/12/15 12:24:56.017","BUYER AUCTION","Negotiation Layout","AUCTION","2021/12/15 12:25:48.819","D134D1C56025B3CCE053A162500A515D","phani@squareup.com","1","","Response Layout","N"
"Tidal Norway","Blanket Purchase Agreement","","","","","","","","","","","","","","","","","ContractTermsProcurement","Blanket Purchase Agreement Change Order Layout","ContractTermsProcurement","phani@squareup.com","2021/12/15 12:24:56.027","BLANKET","Custom BPA PDF","PA","2021/12/15 12:26:01.548","D134D1C56025B3CCE053A162500A515D","phani@squareup.com","1","BPA_CHANGE_ORDER_TEMPLATE","","N"
"Tidal Norway","Contract Purchase Agreement","","","","","","","","","","","","","","","","","ContractTermsProcurement","Contract Purchase Agreement Change Order Layout","ContractTermsProcurement","phani@squareup.com","2021/12/15 12:24:56.033","CONTRACT","Purchase Agreement Layout","PA","2021/12/15 12:25:48.824","D134D1C56025B3CCE053A162500A515D","phani@squareup.com","1","CPA_CHANGE_ORDER_TEMPLATE","","N"
"Tidal Norway","Purchase Order","","","","","","","","","","","","","","","","","ContractTermsProcurement","Purchase Order Change Order Layout","ContractTermsProcurement","phani@squareup.com","2021/12/15 12:24:56.04","STANDARD","SQ Purchase Order Print Template PO Mask","PO","2021/12/15 12:26:15.986","D134D1C56025B3CCE053A162500A515D","phani@squareup.com","1","PO_CHANGE_ORDER_TEMPLATE","","N"
"Tidal Norway","RFI","","","","","","","","","","","","","","","","","ContractTermsProcurement","","ContractTermsProcurement","phani@squareup.com","2021/12/15 12:24:56.046","SOURCING RFI","Negotiation Layout","SOURCING RFI","2021/12/15 12:25:48.827","D134D1C56025B3CCE053A162500A515D","phani@squareup.com","1","","Response Layout","N"
"Tidal Norway","RFQ","","","","","","","","","","","","","","","","","ContractTermsProcurement","","ContractTermsProcurement","phani@squareup.com","2021/12/15 12:24:56.052","SOURCING RFQ","Negotiation Layout","SOURCING RFQ","2021/12/15 12:25:48.828","D134D1C56025B3CCE053A162500A515D","phani@squareup.com","1","","Response Layout","N"
"China USD","Auction","","","","","","","","","","","","","","","","","ContractTermsProcurement","","ContractTermsProcurement","phani@squareup.com","2022/06/09 19:50:14.014","BUYER AUCTION","Negotiation Layout","AUCTION","2022/06/09 19:51:12.767","E0F9F58906A3F9B6E0539696500A6C4D","phani@squareup.com","1","","Response Layout","N"
"China USD","Blanket Purchase Agreement","","","","","","","","","","","","","","","","","ContractTermsProcurement","Blanket Purchase Agreement Change Order Layout","ContractTermsProcurement","phani@squareup.com","2022/06/09 19:50:14.025","BLANKET","Custom BPA PDF","PA","2022/06/09 19:51:34.657","E0F9F58906A3F9B6E0539696500A6C4D","phani@squareup.com","1","BPA_CHANGE_ORDER_TEMPLATE","","N"
"China USD","Contract Purchase Agreement","","","","","","","","","","","","","","","","","ContractTermsProcurement","Contract Purchase Agreement Change Order Layout","ContractTermsProcurement","phani@squareup.com","2022/06/09 19:50:14.035","CONTRACT","Purchase Agreement Layout","PA","2022/06/09 19:51:12.779","E0F9F58906A3F9B6E0539696500A6C4D","phani@squareup.com","1","CPA_CHANGE_ORDER_TEMPLATE","","N"
"China USD","Purchase Order","","","","","","","","","","","","","","","","","ContractTermsProcurement","Purchase Order Change Order Layout","ContractTermsProcurement","phani@squareup.com","2022/06/09 19:50:14.044","STANDARD","SQ Purchase Order Print Template PO Mask","PO","2022/06/09 19:51:50.243","E0F9F58906A3F9B6E0539696500A6C4D","phani@squareup.com","1","PO_CHANGE_ORDER_TEMPLATE","","N"
"China USD","RFI","","","","","","","","","","","","","","","","","ContractTermsProcurement","","ContractTermsProcurement","phani@squareup.com","2022/06/09 19:50:14.052","SOURCING RFI","Negotiation Layout","SOURCING RFI","2022/06/09 19:51:12.783","E0F9F58906A3F9B6E0539696500A6C4D","phani@squareup.com","1","","Response Layout","N"
"China USD","RFQ","","","","","","","","","","","","","","","","","ContractTermsProcurement","","ContractTermsProcurement","phani@squareup.com","2022/06/09 19:50:14.06","SOURCING RFQ","Negotiation Layout","SOURCING RFQ","2022/06/09 19:51:12.785","E0F9F58906A3F9B6E0539696500A6C4D","phani@squareup.com","1","","Response Layout","N"
"New Zealand","Auction","","","","","","","","","","","","","","","","","ContractTermsProcurement","","ContractTermsProcurement","phani@squareup.com","2022/06/09 19:32:44.628","BUYER AUCTION","Negotiation Layout","AUCTION","2022/06/09 19:34:17.034","E0F9F58906A3F9B6E0539696500A6C4D","phani@squareup.com","1","","Response Layout","N"
"New Zealand","Blanket Purchase Agreement","","","","","","","","","","","","","","","","","ContractTermsProcurement","Blanket Purchase Agreement Change Order Layout","ContractTermsProcurement","phani@squareup.com","2022/06/09 19:32:44.669","BLANKET","Custom BPA PDF","PA","2022/06/09 19:34:38.165","E0F9F58906A3F9B6E0539696500A6C4D","phani@squareup.com","1","BPA_CHANGE_ORDER_TEMPLATE","","N"
"New Zealand","Contract Purchase Agreement","","","","","","","","","","","","","","","","","ContractTermsProcurement","Contract Purchase Agreement Change Order Layout","ContractTermsProcurement","phani@squareup.com","2022/06/09 19:32:44.706","CONTRACT","Purchase Agreement Layout","PA","2022/06/09 19:34:17.057","E0F9F58906A3F9B6E0539696500A6C4D","phani@squareup.com","1","CPA_CHANGE_ORDER_TEMPLATE","","N"
"New Zealand","Purchase Order","","","","","","","","","","","","","","","","","ContractTermsProcurement","Purchase Order Change Order Layout","ContractTermsProcurement","phani@squareup.com","2022/06/09 19:32:44.713","STANDARD","SQ Purchase Order Print Template PO Mask","PO","2022/06/09 19:34:57.508","E0F9F58906A3F9B6E0539696500A6C4D","phani@squareup.com","1","PO_CHANGE_ORDER_TEMPLATE","","N"
"New Zealand","RFI","","","","","","","","","","","","","","","","","ContractTermsProcurement","","ContractTermsProcurement","phani@squareup.com","2022/06/09 19:32:44.72","SOURCING RFI","Negotiation Layout","SOURCING RFI","2022/06/09 19:34:17.06","E0F9F58906A3F9B6E0539696500A6C4D","phani@squareup.com","1","","Response Layout","N"
"New Zealand","RFQ","","","","","","","","","","","","","","","","","ContractTermsProcurement","","ContractTermsProcurement","phani@squareup.com","2022/06/09 19:32:44.727","SOURCING RFQ","Negotiation Layout","SOURCING RFQ","2022/06/09 19:34:17.065","E0F9F58906A3F9B6E0539696500A6C4D","phani@squareup.com","1","","Response Layout","N"
"Indonesia IDR","Auction","","","","","","","","","","","","","","","","","ContractTermsProcurement","","ContractTermsProcurement","phani@squareup.com","2022/06/09 20:00:58.018","BUYER AUCTION","Negotiation Layout","AUCTION","2022/06/09 20:01:48.454","E0F9F58906A3F9B6E0539696500A6C4D","phani@squareup.com","1","","Response Layout","N"
"Indonesia IDR","Blanket Purchase Agreement","","","","","","","","","","","","","","","","","ContractTermsProcurement","Blanket Purchase Agreement Change Order Layout","ContractTermsProcurement","phani@squareup.com","2022/06/09 20:00:58.035","BLANKET","Custom BPA PDF","PA","2022/06/09 20:02:10.347","E0F9F58906A3F9B6E0539696500A6C4D","phani@squareup.com","1","BPA_CHANGE_ORDER_TEMPLATE","","N"
"Indonesia IDR","Contract Purchase Agreement","","","","","","","","","","","","","","","","","ContractTermsProcurement","Contract Purchase Agreement Change Order Layout","ContractTermsProcurement","phani@squareup.com","2022/06/09 20:00:58.047","CONTRACT","Purchase Agreement Layout","PA","2022/06/09 20:01:48.555","E0F9F58906A3F9B6E0539696500A6C4D","phani@squareup.com","1","CPA_CHANGE_ORDER_TEMPLATE","","N"
"Indonesia IDR","Purchase Order","","","","","","","","","","","","","","","","","ContractTermsProcurement","Purchase Order Change Order Layout","ContractTermsProcurement","phani@squareup.com","2022/06/09 20:00:58.082","STANDARD","SQ Purchase Order Print Template PO Mask","PO","2022/06/09 20:02:27.146","E0F9F58906A3F9B6E0539696500A6C4D","phani@squareup.com","1","PO_CHANGE_ORDER_TEMPLATE","","N"
"Indonesia IDR","RFI","","","","","","","","","","","","","","","","","ContractTermsProcurement","","ContractTermsProcurement","phani@squareup.com","2022/06/09 20:00:58.091","SOURCING RFI","Negotiation Layout","SOURCING RFI","2022/06/09 20:01:48.558","E0F9F58906A3F9B6E0539696500A6C4D","phani@squareup.com","1","","Response Layout","N"
"Indonesia IDR","RFQ","","","","","","","","","","","","","","","","","ContractTermsProcurement","","ContractTermsProcurement","phani@squareup.com","2022/06/09 20:00:58.108","SOURCING RFQ","Negotiation Layout","SOURCING RFQ","2022/06/09 20:01:48.56","E0F9F58906A3F9B6E0539696500A6C4D","phani@squareup.com","1","","Response Layout","N"
"Tidal UK","Auction","","","","","","","","","","","","","","","","","ContractTermsProcurement","","ContractTermsProcurement","phani@squareup.com","2021/12/15 12:30:05.019","BUYER AUCTION","Negotiation Layout","AUCTION","2021/12/15 12:30:55.201","D134D1C56025B3CCE053A162500A515D","phani@squareup.com","1","","Response Layout","N"
"Tidal UK","Blanket Purchase Agreement","","","","","","","","","","","","","","","","","ContractTermsProcurement","Blanket Purchase Agreement Change Order Layout","ContractTermsProcurement","phani@squareup.com","2021/12/15 12:30:05.028","BLANKET","Custom BPA PDF","PA","2021/12/15 12:31:07.763","D134D1C56025B3CCE053A162500A515D","phani@squareup.com","1","BPA_CHANGE_ORDER_TEMPLATE","","N"
"Tidal UK","Contract Purchase Agreement","","","","","","","","","","","","","","","","","ContractTermsProcurement","Contract Purchase Agreement Change Order Layout","ContractTermsProcurement","phani@squareup.com","2021/12/15 12:30:05.035","CONTRACT","Purchase Agreement Layout","PA","2021/12/15 12:30:55.205","D134D1C56025B3CCE053A162500A515D","phani@squareup.com","1","CPA_CHANGE_ORDER_TEMPLATE","","N"
"Tidal UK","Purchase Order","","","","","","","","","","","","","","","","","ContractTermsProcurement","Purchase Order Change Order Layout","ContractTermsProcurement","phani@squareup.com","2021/12/15 12:30:05.042","STANDARD","SQ Purchase Order Print Template PO Mask","PO","2021/12/15 12:31:18.444","D134D1C56025B3CCE053A162500A515D","phani@squareup.com","1","PO_CHANGE_ORDER_TEMPLATE","","N"
"Tidal UK","RFI","","","","","","","","","","","","","","","","","ContractTermsProcurement","","ContractTermsProcurement","phani@squareup.com","2021/12/15 12:30:05.048","SOURCING RFI","Negotiation Layout","SOURCING RFI","2021/12/15 12:30:55.208","D134D1C56025B3CCE053A162500A515D","phani@squareup.com","1","","Response Layout","N"
"Tidal UK","RFQ","","","","","","","","","","","","","","","","","ContractTermsProcurement","","ContractTermsProcurement","phani@squareup.com","2021/12/15 12:30:05.054","SOURCING RFQ","Negotiation Layout","SOURCING RFQ","2021/12/15 12:30:55.209","D134D1C56025B3CCE053A162500A515D","phani@squareup.com","1","","Response Layout","N"
"Tidal Germany","Auction","","","","","","","","","","","","","","","","","ContractTermsProcurement","","ContractTermsProcurement","phani@squareup.com","2021/12/15 12:22:02.023","BUYER AUCTION","Negotiation Layout","AUCTION","2021/12/15 12:22:59.191","D134D1C56025B3CCE053A162500A515D","phani@squareup.com","1","","Response Layout","N"
"Tidal Germany","Blanket Purchase Agreement","","","","","","","","","","","","","","","","","ContractTermsProcurement","Blanket Purchase Agreement Change Order Layout","ContractTermsProcurement","phani@squareup.com","2021/12/15 12:22:02.037","BLANKET","Custom BPA PDF","PA","2021/12/15 12:23:13.029","D134D1C56025B3CCE053A162500A515D","phani@squareup.com","1","BPA_CHANGE_ORDER_TEMPLATE","","N"
"Tidal Germany","Contract Purchase Agreement","","","","","","","","","","","","","","","","","ContractTermsProcurement","Contract Purchase Agreement Change Order Layout","ContractTermsProcurement","phani@squareup.com","2021/12/15 12:22:02.045","CONTRACT","Purchase Agreement Layout","PA","2021/12/15 12:22:59.199","D134D1C56025B3CCE053A162500A515D","phani@squareup.com","1","CPA_CHANGE_ORDER_TEMPLATE","","N"
"Tidal Germany","Purchase Order","","","","","","","","","","","","","","","","","ContractTermsProcurement","Purchase Order Change Order Layout","ContractTermsProcurement","phani@squareup.com","2021/12/15 12:22:02.055","STANDARD","SQ Purchase Order Print Template PO Mask","PO","2021/12/15 12:23:23.99","D134D1C56025B3CCE053A162500A515D","phani@squareup.com","1","PO_CHANGE_ORDER_TEMPLATE","","N"
"Tidal Germany","RFI","","","","","","","","","","","","","","","","","ContractTermsProcurement","","ContractTermsProcurement","phani@squareup.com","2021/12/15 12:22:02.064","SOURCING RFI","Negotiation Layout","SOURCING RFI","2021/12/15 12:22:59.202","D134D1C56025B3CCE053A162500A515D","phani@squareup.com","1","","Response Layout","N"
"Tidal Germany","RFQ","","","","","","","","","","","","","","","","","ContractTermsProcurement","","ContractTermsProcurement","phani@squareup.com","2021/12/15 12:22:02.073","SOURCING RFQ","Negotiation Layout","SOURCING RFQ","2021/12/15 12:22:59.203","D134D1C56025B3CCE053A162500A515D","phani@squareup.com","1","","Response Layout","N"
"Tidal Sweden","Auction","","","","","","","","","","","","","","","","","ContractTermsProcurement","","ContractTermsProcurement","phani@squareup.com","2021/12/15 12:28:38.017","BUYER AUCTION","Negotiation Layout","AUCTION","2021/12/15 12:29:28.178","D134D1C56025B3CCE053A162500A515D","phani@squareup.com","1","","Response Layout","N"
"Tidal Sweden","Blanket Purchase Agreement","","","","","","","","","","","","","","","","","ContractTermsProcurement","Blanket Purchase Agreement Change Order Layout","ContractTermsProcurement","phani@squareup.com","2021/12/15 12:28:38.026","BLANKET","Custom BPA PDF","PA","2021/12/15 12:29:41.023","D134D1C56025B3CCE053A162500A515D","phani@squareup.com","1","BPA_CHANGE_ORDER_TEMPLATE","","N"
"Tidal Sweden","Contract Purchase Agreement","","","","","","","","","","","","","","","","","ContractTermsProcurement","Contract Purchase Agreement Change Order Layout","ContractTermsProcurement","phani@squareup.com","2021/12/15 12:28:38.033","CONTRACT","Purchase Agreement Layout","PA","2021/12/15 12:29:28.181","D134D1C56025B3CCE053A162500A515D","phani@squareup.com","1","CPA_CHANGE_ORDER_TEMPLATE","","N"
"Tidal Sweden","Purchase Order","","","","","","","","","","","","","","","","","ContractTermsProcurement","Purchase Order Change Order Layout","ContractTermsProcurement","phani@squareup.com","2021/12/15 12:28:38.044","STANDARD","SQ Purchase Order Print Template PO Mask","PO","2021/12/15 12:29:51.913","D134D1C56025B3CCE053A162500A515D","phani@squareup.com","1","PO_CHANGE_ORDER_TEMPLATE","","N"
"Tidal Sweden","RFI","","","","","","","","","","","","","","","","","ContractTermsProcurement","","ContractTermsProcurement","phani@squareup.com","2021/12/15 12:28:38.053","SOURCING RFI","Negotiation Layout","SOURCING RFI","2021/12/15 12:29:28.184","D134D1C56025B3CCE053A162500A515D","phani@squareup.com","1","","Response Layout","N"
"Tidal Sweden","RFQ","","","","","","","","","","","","","","","","","ContractTermsProcurement","","ContractTermsProcurement","phani@squareup.com","2021/12/15 12:28:38.06","SOURCING RFQ","Negotiation Layout","SOURCING RFQ","2021/12/15 12:29:28.185","D134D1C56025B3CCE053A162500A515D","phani@squareup.com","1","","Response Layout","N"
"TIDAL Cayman","Auction","","","","","","","","","","","","","","","","","ContractTermsProcurement","","ContractTermsProcurement","phani@squareup.com","2021/12/15 12:19:30.904","BUYER AUCTION","Negotiation Layout","AUCTION","2021/12/15 12:21:21.394","D134D1C56025B3CCE053A162500A515D","phani@squareup.com","1","","Response Layout","N"
"TIDAL Cayman","Blanket Purchase Agreement","","","","","","","","","","","","","","","","","ContractTermsProcurement","Blanket Purchase Agreement Change Order Layout","ContractTermsProcurement","phani@squareup.com","2021/12/15 12:19:31.131","BLANKET","Custom BPA PDF","PA","2021/12/15 12:21:37.723","D134D1C56025B3CCE053A162500A515D","phani@squareup.com","1","BPA_CHANGE_ORDER_TEMPLATE","","N"
"TIDAL Cayman","Contract Purchase Agreement","","","","","","","","","","","","","","","","","ContractTermsProcurement","Contract Purchase Agreement Change Order Layout","ContractTermsProcurement","phani@squareup.com","2021/12/15 12:19:31.277","CONTRACT","Purchase Agreement Layout","PA","2021/12/15 12:21:21.417","D134D1C56025B3CCE053A162500A515D","phani@squareup.com","1","CPA_CHANGE_ORDER_TEMPLATE","","N"
"TIDAL Cayman","Purchase Order","","","","","","","","","","","","","","","","","ContractTermsProcurement","Purchase Order Change Order Layout","ContractTermsProcurement","phani@squareup.com","2021/12/15 12:19:31.286","STANDARD","SQ Purchase Order Print Template PO Mask","PO","2021/12/15 12:21:49.125","D134D1C56025B3CCE053A162500A515D","phani@squareup.com","1","PO_CHANGE_ORDER_TEMPLATE","","N"
"TIDAL Cayman","RFI","","","","","","","","","","","","","","","","","ContractTermsProcurement","","ContractTermsProcurement","phani@squareup.com","2021/12/15 12:19:31.294","SOURCING RFI","Negotiation Layout","SOURCING RFI","2021/12/15 12:21:21.42","D134D1C56025B3CCE053A162500A515D","phani@squareup.com","1","","Response Layout","N"
"TIDAL Cayman","RFQ","","","","","","","","","","","","","","","","","ContractTermsProcurement","","ContractTermsProcurement","phani@squareup.com","2021/12/15 12:19:31.31","SOURCING RFQ","Negotiation Layout","SOURCING RFQ","2021/12/15 12:21:21.424","D134D1C56025B3CCE053A162500A515D","phani@squareup.com","1","","Response Layout","N"
"Tidal Spain","Auction","","","","","","","","","","","","","","","","","ContractTermsProcurement","","ContractTermsProcurement","phani@squareup.com","2022/04/06 06:05:24.23","BUYER AUCTION","Negotiation Layout","AUCTION","2022/04/06 06:07:13.619","DBF5E43C794F06D6E053A062500AE3F6","phani@squareup.com","1","","Response Layout","N"
"Tidal Spain","Blanket Purchase Agreement","","","","","","","","","","","","","","","","","ContractTermsProcurement","Blanket Purchase Agreement Change Order Layout","ContractTermsProcurement","phani@squareup.com","2022/04/06 06:05:24.362","BLANKET","Custom BPA PDF","PA","2022/04/06 06:07:43.622","DBF5E43C794F06D6E053A062500AE3F6","phani@squareup.com","1","BPA_CHANGE_ORDER_TEMPLATE","","N"
"Tidal Spain","Contract Purchase Agreement","","","","","","","","","","","","","","","","","ContractTermsProcurement","Contract Purchase Agreement Change Order Layout","ContractTermsProcurement","phani@squareup.com","2022/04/06 06:05:24.481","CONTRACT","Purchase Agreement Layout","PA","2022/04/06 06:07:13.676","DBF5E43C794F06D6E053A062500AE3F6","phani@squareup.com","1","CPA_CHANGE_ORDER_TEMPLATE","","N"
"Tidal Spain","Purchase Order","","","","","","","","","","","","","","","","","ContractTermsProcurement","Purchase Order Change Order Layout","ContractTermsProcurement","phani@squareup.com","2022/04/06 06:05:24.489","STANDARD","SQ Purchase Order Print Template PO Mask","PO","2022/04/06 06:07:56.46","DBF5E43C794F06D6E053A062500AE3F6","phani@squareup.com","1","PO_CHANGE_ORDER_TEMPLATE","","N"
"Tidal Spain","RFI","","","","","","","","","","","","","","","","","ContractTermsProcurement","","ContractTermsProcurement","phani@squareup.com","2022/04/06 06:05:24.499","SOURCING RFI","Negotiation Layout","SOURCING RFI","2022/04/06 06:07:13.683","DBF5E43C794F06D6E053A062500AE3F6","phani@squareup.com","1","","Response Layout","N"
"Tidal Spain","RFQ","","","","","","","","","","","","","","","","","ContractTermsProcurement","","ContractTermsProcurement","phani@squareup.com","2022/04/06 06:05:24.517","SOURCING RFQ","Negotiation Layout","SOURCING RFQ","2022/04/06 06:07:13.69","DBF5E43C794F06D6E053A062500AE3F6","phani@squareup.com","1","","Response Layout","N"
"Mexico","Auction","","","","","","","","","","","","","","","","","ContractTermsProcurement","","ContractTermsProcurement","shashi@squareup.com","2023/02/09 11:09:16.671","BUYER AUCTION","Negotiation Layout","AUCTION","2023/02/09 11:16:57.101","F43FD2209D874A57E0539696500AAC95","shashi@squareup.com","1","","Response Layout","N"
"Mexico","Blanket Purchase Agreement","","","","","","","","","","","","","","","","","ContractTermsProcurement","Blanket Purchase Agreement Change Order Layout","ContractTermsProcurement","shashi@squareup.com","2023/02/09 11:09:16.741","BLANKET","Purchase Agreement Layout","PA","2023/02/09 11:16:57.109","F43FD2209D874A57E0539696500AAC95","shashi@squareup.com","1","BPA_CHANGE_ORDER_TEMPLATE","","N"
"Mexico","Contract Purchase Agreement","","","","","","","","","","","","","","","","","ContractTermsProcurement","Contract Purchase Agreement Change Order Layout","ContractTermsProcurement","shashi@squareup.com","2023/02/09 11:09:16.861","CONTRACT","Purchase Agreement Layout","PA","2023/02/09 11:16:57.113","F43FD2209D874A57E0539696500AAC95","shashi@squareup.com","1","CPA_CHANGE_ORDER_TEMPLATE","","N"
"Mexico","Purchase Order","","","","","","","","","","","","","","","","","ContractTermsProcurement","Purchase Order Change Order Layout","ContractTermsProcurement","shashi@squareup.com","2023/02/09 11:09:16.866","STANDARD","Purchase Order Layout","PO","2023/02/09 11:16:57.114","F43FD2209D874A57E0539696500AAC95","shashi@squareup.com","1","PO_CHANGE_ORDER_TEMPLATE","","N"
"Mexico","RFI","","","","","","","","","","","","","","","","","ContractTermsProcurement","","ContractTermsProcurement","shashi@squareup.com","2023/02/09 11:09:16.871","SOURCING RFI","Negotiation Layout","SOURCING RFI","2023/02/09 11:16:57.115","F43FD2209D874A57E0539696500AAC95","shashi@squareup.com","1","","Response Layout","N"
"Mexico","RFQ","","","","","","","","","","","","","","","","","ContractTermsProcurement","","ContractTermsProcurement","shashi@squareup.com","2023/02/09 11:09:16.878","SOURCING RFQ","Negotiation Layout","SOURCING RFQ","2023/02/09 11:16:57.119","F43FD2209D874A57E0539696500AAC95","shashi@squareup.com","1","","Response Layout","N"
"France","Auction","","","","","","","","","","","","","","","","","ContractTermsProcurement","","ContractTermsProcurement","shashi@squareup.com","2023/02/27 08:00:21.727","BUYER AUCTION","Negotiation Layout","AUCTION","2023/02/27 08:04:55.136","F58B9794253BB9A2E0534893500A6529","shashi@squareup.com","1","","Response Layout","N"
"France","Blanket Purchase Agreement","","","","","","","","","","","","","","","","","ContractTermsProcurement","Blanket Purchase Agreement Change Order Layout","ContractTermsProcurement","shashi@squareup.com","2023/02/27 08:00:21.842","BLANKET","Purchase Agreement Layout","PA","2023/02/27 08:04:55.164","F58B9794253BB9A2E0534893500A6529","shashi@squareup.com","1","BPA_CHANGE_ORDER_TEMPLATE","","N"
"France","Contract Purchase Agreement","","","","","","","","","","","","","","","","","ContractTermsProcurement","Contract Purchase Agreement Change Order Layout","ContractTermsProcurement","shashi@squareup.com","2023/02/27 08:00:22.12","CONTRACT","Purchase Agreement Layout","PA","2023/02/27 08:04:55.17","F58B9794253BB9A2E0534893500A6529","shashi@squareup.com","1","CPA_CHANGE_ORDER_TEMPLATE","","N"
"France","Purchase Order","","","","","","","","","","","","","","","","","ContractTermsProcurement","Purchase Order Change Order Layout","ContractTermsProcurement","shashi@squareup.com","2023/02/27 08:00:22.137","STANDARD","Purchase Order Layout","PO","2023/02/27 08:04:55.173","F58B9794253BB9A2E0534893500A6529","shashi@squareup.com","1","PO_CHANGE_ORDER_TEMPLATE","","N"
"France","RFI","","","","","","","","","","","","","","","","","ContractTermsProcurement","","ContractTermsProcurement","shashi@squareup.com","2023/02/27 08:00:22.161","SOURCING RFI","Negotiation Layout","SOURCING RFI","2023/02/27 08:04:55.177","F58B9794253BB9A2E0534893500A6529","shashi@squareup.com","1","","Response Layout","N"
"France","RFQ","","","","","","","","","","","","","","","","","ContractTermsProcurement","","ContractTermsProcurement","shashi@squareup.com","2023/02/27 08:00:22.179","SOURCING RFQ","Negotiation Layout","SOURCING RFQ","2023/02/27 08:04:55.182","F58B9794253BB9A2E0534893500A6529","shashi@squareup.com","1","","Response Layout","N"
"China","Auction","","","","","","","","","","","","","","","","","ContractTermsProcurement","","ContractTermsProcurement","shashi@squareup.com","2023/06/12 10:04:22.484","BUYER AUCTION","Negotiation Layout","AUCTION","2023/06/12 10:07:25.162","FDD77986A9B633F0E0539696500AC459","shashi@squareup.com","1","","Response Layout","N"
"China","Blanket Purchase Agreement","","","","","","","","","","","","","","","","","ContractTermsProcurement","Blanket Purchase Agreement Change Order Layout","ContractTermsProcurement","shashi@squareup.com","2023/06/12 10:04:22.557","BLANKET","Purchase Agreement Layout","PA","2023/06/12 10:07:25.169","FDD77986A9B633F0E0539696500AC459","shashi@squareup.com","1","BPA_CHANGE_ORDER_TEMPLATE","","N"
"China","Contract Purchase Agreement","","","","","","","","","","","","","","","","","ContractTermsProcurement","Contract Purchase Agreement Change Order Layout","ContractTermsProcurement","shashi@squareup.com","2023/06/12 10:04:22.693","CONTRACT","Purchase Agreement Layout","PA","2023/06/12 10:07:25.174","FDD77986A9B633F0E0539696500AC459","shashi@squareup.com","1","CPA_CHANGE_ORDER_TEMPLATE","","N"
"China","Purchase Order","","","","","","","","","","","","","","","","","ContractTermsProcurement","Purchase Order Change Order Layout","ContractTermsProcurement","shashi@squareup.com","2023/06/12 10:04:22.699","STANDARD","Purchase Order Layout","PO","2023/06/12 10:07:25.175","FDD77986A9B633F0E0539696500AC459","shashi@squareup.com","1","PO_CHANGE_ORDER_TEMPLATE","","N"
"China","RFI","","","","","","","","","","","","","","","","","ContractTermsProcurement","","ContractTermsProcurement","shashi@squareup.com","2023/06/12 10:04:22.705","SOURCING RFI","Negotiation Layout","SOURCING RFI","2023/06/12 10:07:25.177","FDD77986A9B633F0E0539696500AC459","shashi@squareup.com","1","","Response Layout","N"
"China","RFQ","","","","","","","","","","","","","","","","","ContractTermsProcurement","","ContractTermsProcurement","shashi@squareup.com","2023/06/12 10:04:22.715","SOURCING RFQ","Negotiation Layout","SOURCING RFQ","2023/06/12 10:07:25.181","FDD77986A9B633F0E0539696500AC459","shashi@squareup.com","1","","Response Layout","N"
"Japan","Auction","","","","","","","","","","","","","","","","","ContractTermsProcurement","","ContractTermsProcurement","mukund1@squareup.com","2019/12/20 00:20:54.226","BUYER AUCTION","Negotiation Layout","AUCTION","2019/12/20 00:43:44.899","9776BD3285B9BEB7E053140C1B0AD257","mukund1@squareup.com","1","","Response Layout","N"
"Japan","Blanket Purchase Agreement","","","","","","","","","","","","","","","","","ContractTermsProcurement","Blanket Purchase Agreement Change Order Layout","ContractTermsProcurement","mukund1@squareup.com","2019/12/20 00:20:54.316","BLANKET","Purchase Agreement Layout","PA","2019/12/20 00:43:44.914","9776BD3285B9BEB7E053140C1B0AD257","mukund1@squareup.com","1","BPA_CHANGE_ORDER_TEMPLATE","","Y"
"Japan","Contract Purchase Agreement","","","","","","","","","","","","","","","","","ContractTermsProcurement","Contract Purchase Agreement Change Order Layout","ContractTermsProcurement","mukund1@squareup.com","2019/12/20 00:20:54.472","CONTRACT","Purchase Agreement Layout","PA","2019/12/20 00:43:44.94","9776BD3285B9BEB7E053140C1B0AD257","mukund1@squareup.com","1","CPA_CHANGE_ORDER_TEMPLATE","","N"
"Japan","Purchase Order","","","","","","","","","","","","","","","","","ContractTermsProcurement","Purchase Order Change Order Layout","ContractTermsProcurement","mukund1@squareup.com","2019/12/20 00:20:54.483","STANDARD","SQ Purchase Order Print Template PO Mask","PO","2020/04/26 13:25:02.972","A1C7CA3B94204F67E053120C1B0A7475","vinay@squareup.com","1","PO_CHANGE_ORDER_TEMPLATE","","Y"
"Japan","RFI","","","","","","","","","","","","","","","","","ContractTermsProcurement","","ContractTermsProcurement","mukund1@squareup.com","2019/12/20 00:20:54.494","SOURCING RFI","Negotiation Layout","SOURCING RFI","2019/12/20 00:43:44.945","9776BD3285B9BEB7E053140C1B0AD257","mukund1@squareup.com","1","","Response Layout","N"
"Japan","RFQ","","","","","","","","","","","","","","","","","ContractTermsProcurement","","ContractTermsProcurement","mukund1@squareup.com","2019/12/20 00:20:54.512","SOURCING RFQ","Negotiation Layout","SOURCING RFQ","2019/12/20 00:43:44.948","9776BD3285B9BEB7E053140C1B0AD257","mukund1@squareup.com","1","","Response Layout","N"
"UK","Auction","","","","","","","","","","","","","","","","","ContractTermsProcurement","","ContractTermsProcurement","venkat@squareup.com","2018/09/28 03:12:49.034","BUYER AUCTION","Negotiation Layout","AUCTION","2018/09/28 03:13:31.384","76073F52B629B01DE053140C1B0A8806","venkat@squareup.com","1","","Response Layout","N"
"UK","Blanket Purchase Agreement","","","","","","","","","","","","","","","","","ContractTermsProcurement","Blanket Purchase Agreement Change Order Layout","ContractTermsProcurement","venkat@squareup.com","2018/09/28 03:12:49.067","BLANKET","Purchase Agreement Layout","PA","2018/09/28 03:13:31.388","76073F52B629B01DE053140C1B0A8806","venkat@squareup.com","1","BPA_CHANGE_ORDER_TEMPLATE","","Y"
"UK","Contract Purchase Agreement","","","","","","","","","","","","","","","","","ContractTermsProcurement","Contract Purchase Agreement Change Order Layout","ContractTermsProcurement","venkat@squareup.com","2018/09/28 03:12:49.078","CONTRACT","Purchase Agreement Layout","PA","2018/09/28 03:13:31.39","76073F52B629B01DE053140C1B0A8806","venkat@squareup.com","1","CPA_CHANGE_ORDER_TEMPLATE","","N"
"UK","Purchase Order","","","","","","","","","","","","","","","","","ContractTermsProcurement","Purchase Order Change Order Layout","ContractTermsProcurement","venkat@squareup.com","2018/09/28 03:12:49.09","STANDARD","SQ Purchase Order Print Template PO Mask","PO","2020/04/26 13:25:43.064","A1C7CA3B94204F67E053120C1B0A7475","vinay@squareup.com","1","PO_CHANGE_ORDER_TEMPLATE","","Y"
"UK","RFI","","","","","","","","","","","","","","","","","ContractTermsProcurement","","ContractTermsProcurement","venkat@squareup.com","2018/09/28 03:12:49.102","SOURCING RFI","Negotiation Layout","SOURCING RFI","2018/09/28 03:13:31.393","76073F52B629B01DE053140C1B0A8806","venkat@squareup.com","1","","Response Layout","N"
"UK","RFQ","","","","","","","","","","","","","","","","","ContractTermsProcurement","","ContractTermsProcurement","venkat@squareup.com","2018/09/28 03:12:49.114","SOURCING RFQ","Negotiation Layout","SOURCING RFQ","2018/09/28 03:13:31.395","76073F52B629B01DE053140C1B0A8806","venkat@squareup.com","1","","Response Layout","N"
"Lithuania","Auction","","","","","","","","","","","","","","","","","ContractTermsProcurement","","ContractTermsProcurement","phani@squareup.com","2021/01/12 07:50:31.015","BUYER AUCTION","Negotiation Layout","AUCTION","2021/01/12 07:52:04.182","B71C07CF1B000E75E053A062500A39E7","phani@squareup.com","1","","Response Layout","N"
"Lithuania","Blanket Purchase Agreement","","","","","","","","","","","","","","","","","ContractTermsProcurement","Blanket Purchase Agreement Change Order Layout","ContractTermsProcurement","phani@squareup.com","2021/01/12 07:50:31.031","BLANKET","Purchase Agreement Layout","PA","2021/01/12 07:52:04.185","B71C07CF1B000E75E053A062500A39E7","phani@squareup.com","1","BPA_CHANGE_ORDER_TEMPLATE","","N"
"Lithuania","Contract Purchase Agreement","","","","","","","","","","","","","","","","","ContractTermsProcurement","Contract Purchase Agreement Change Order Layout","ContractTermsProcurement","phani@squareup.com","2021/01/12 07:50:31.039","CONTRACT","Purchase Agreement Layout","PA","2021/01/12 07:52:04.186","B71C07CF1B000E75E053A062500A39E7","phani@squareup.com","1","CPA_CHANGE_ORDER_TEMPLATE","","N"
"Lithuania","Purchase Order","","","","","","","","","","","","","","","","","ContractTermsProcurement","Purchase Order Change Order Layout","ContractTermsProcurement","phani@squareup.com","2021/01/12 07:50:31.048","STANDARD","Purchase Order Layout","PO","2021/01/12 07:52:04.187","B71C07CF1B000E75E053A062500A39E7","phani@squareup.com","1","PO_CHANGE_ORDER_TEMPLATE","","N"
"Lithuania","RFI","","","","","","","","","","","","","","","","","ContractTermsProcurement","","ContractTermsProcurement","phani@squareup.com","2021/01/12 07:50:31.056","SOURCING RFI","Negotiation Layout","SOURCING RFI","2021/01/12 07:52:04.189","B71C07CF1B000E75E053A062500A39E7","phani@squareup.com","1","","Response Layout","N"
"Lithuania","RFQ","","","","","","","","","","","","","","","","","ContractTermsProcurement","","ContractTermsProcurement","phani@squareup.com","2021/01/12 07:50:31.063","SOURCING RFQ","Negotiation Layout","SOURCING RFQ","2021/01/12 07:52:04.19","B71C07CF1B000E75E053A062500A39E7","phani@squareup.com","1","","Response Layout","N"
"Tidal Poland","Auction","","","","","","","","","","","","","","","","","ContractTermsProcurement","","ContractTermsProcurement","phani@squareup.com","2021/12/15 12:27:07.02","BUYER AUCTION","Negotiation Layout","AUCTION","2021/12/15 12:27:58.058","D134D1C56025B3CCE053A162500A515D","phani@squareup.com","1","","Response Layout","N"
"Tidal Poland","Blanket Purchase Agreement","","","","","","","","","","","","","","","","","ContractTermsProcurement","Blanket Purchase Agreement Change Order Layout","ContractTermsProcurement","phani@squareup.com","2021/12/15 12:27:07.037","BLANKET","Custom BPA PDF","PA","2021/12/15 12:28:14.383","D134D1C56025B3CCE053A162500A515D","phani@squareup.com","1","BPA_CHANGE_ORDER_TEMPLATE","","N"
"Tidal Poland","Contract Purchase Agreement","","","","","","","","","","","","","","","","","ContractTermsProcurement","Contract Purchase Agreement Change Order Layout","ContractTermsProcurement","phani@squareup.com","2021/12/15 12:27:07.045","CONTRACT","Purchase Agreement Layout","PA","2021/12/15 12:27:58.062","D134D1C56025B3CCE053A162500A515D","phani@squareup.com","1","CPA_CHANGE_ORDER_TEMPLATE","","N"
"Tidal Poland","Purchase Order","","","","","","","","","","","","","","","","","ContractTermsProcurement","Purchase Order Change Order Layout","ContractTermsProcurement","phani@squareup.com","2021/12/15 12:27:07.055","STANDARD","SQ Purchase Order Print Template PO Mask","PO","2021/12/15 12:28:26.89","D134D1C56025B3CCE053A162500A515D","phani@squareup.com","1","PO_CHANGE_ORDER_TEMPLATE","","N"
"Tidal Poland","RFI","","","","","","","","","","","","","","","","","ContractTermsProcurement","","ContractTermsProcurement","phani@squareup.com","2021/12/15 12:27:07.068","SOURCING RFI","Negotiation Layout","SOURCING RFI","2021/12/15 12:27:58.065","D134D1C56025B3CCE053A162500A515D","phani@squareup.com","1","","Response Layout","N"
"Tidal Poland","RFQ","","","","","","","","","","","","","","","","","ContractTermsProcurement","","ContractTermsProcurement","phani@squareup.com","2021/12/15 12:27:07.077","SOURCING RFQ","Negotiation Layout","SOURCING RFQ","2021/12/15 12:27:58.066","D134D1C56025B3CCE053A162500A515D","phani@squareup.com","1","","Response Layout","N"
"Proto Global, LLC - 163","Auction","","","","","","","","","","","","","","","","","ContractTermsProcurement","","ContractTermsProcurement","block_hbs_admin@block.xyz","2025/04/03 18:49:39.367","BUYER AUCTION","Negotiation Layout","AUCTION","2025/04/03 19:00:39.112","31CA721384AE0744E0634893500A784B","block_hbs_admin@block.xyz","1","","Response Layout","N"
"Proto Global, LLC - 163","Blanket Purchase Agreement","","","","","","","","","","","","","","","","","ContractTermsProcurement","Blanket Purchase Agreement Change Order Layout","ContractTermsProcurement","block_hbs_admin@block.xyz","2025/04/03 18:49:39.456","BLANKET","Purchase Agreement Layout","PA","2025/04/03 19:00:39.139","31CA721384AE0744E0634893500A784B","block_hbs_admin@block.xyz","1","BPA_CHANGE_ORDER_TEMPLATE","","N"
"Proto Global, LLC - 163","Contract Purchase Agreement","","","","","","","","","","","","","","","","","ContractTermsProcurement","Contract Purchase Agreement Change Order Layout","ContractTermsProcurement","block_hbs_admin@block.xyz","2025/04/03 18:49:39.558","CONTRACT","Purchase Agreement Layout","PA","2025/04/03 19:00:39.145","31CA721384AE0744E0634893500A784B","block_hbs_admin@block.xyz","1","CPA_CHANGE_ORDER_TEMPLATE","","N"
"Proto Global, LLC - 163","Purchase Order","","","","","","","","","","","","","","","","","ContractTermsProcurement","Purchase Order Change Order Layout","ContractTermsProcurement","block_hbs_admin@block.xyz","2025/04/03 18:49:39.564","STANDARD","Purchase Order Layout","PO","2025/04/03 19:00:39.146","31CA721384AE0744E0634893500A784B","block_hbs_admin@block.xyz","1","PO_CHANGE_ORDER_TEMPLATE","","N"
"Proto Global, LLC - 163","RFI","","","","","","","","","","","","","","","","","ContractTermsProcurement","","ContractTermsProcurement","block_hbs_admin@block.xyz","2025/04/03 18:49:39.571","SOURCING RFI","Negotiation Layout","SOURCING RFI","2025/04/03 19:00:39.148","31CA721384AE0744E0634893500A784B","block_hbs_admin@block.xyz","1","","Response Layout","N"
"Proto Global, LLC - 163","RFQ","","","","","","","","","","","","","","","","","ContractTermsProcurement","","ContractTermsProcurement","block_hbs_admin@block.xyz","2025/04/03 18:49:39.58","SOURCING RFQ","Negotiation Layout","SOURCING RFQ","2025/04/03 19:00:39.153","31CA721384AE0744E0634893500A784B","block_hbs_admin@block.xyz","1","","Response Layout","N"
