"PO_DOCUMENT_TYPE.ShortCode","PO_DOCUMENT_TYPE.TypeName","CreatedBy","CreationDate","DocumentSubtype","DocumentTypeCode","Language","LastUpdateDate","LastUpdateLogin","LastUpdatedBy","SourceLang","TypeName"
"Ireland","Auction","venkat@squareup.com","2018/09/28 03:11:03.128","BUYER AUCTION","AUCTION","US","2018/09/28 03:12:27.239","7607413D92F5B025E053140C1B0A1AA6","venkat@squareup.com","US","Auction"
"Ireland","Blanket Purchase Agreement","venkat@squareup.com","2018/09/28 03:11:03.17","BLANKET","PA","US","2018/09/28 03:12:27.245","7607413D92F5B025E053140C1B0A1AA6","venkat@squareup.com","US","Blanket Purchase Agreement"
"Ireland","Contract Purchase Agreement","venkat@squareup.com","2018/09/28 03:11:03.191","CONTRACT","PA","US","2018/09/28 03:12:27.248","7607413D92F5B025E053140C1B0A1AA6","venkat@squareup.com","US","Contract Purchase Agreement"
"Ireland","Purchase Order","venkat@squareup.com","2018/09/28 03:11:03.208","STANDARD","PO","US","2018/09/28 03:12:27.251","7607413D92F5B025E053140C1B0A1AA6","venkat@squareup.com","US","Purchase Order"
"Ireland","RFI","venkat@squareup.com","2018/09/28 03:11:03.221","SOURCING RFI","SOURCING RFI","US","2018/09/28 03:12:27.253","7607413D92F5B025E053140C1B0A1AA6","venkat@squareup.com","US","RFI"
"Ireland","RFQ","venkat@squareup.com","2018/09/28 03:11:03.25","SOURCING RFQ","SOURCING RFQ","US","2018/09/28 03:12:27.256","7607413D92F5B025E053140C1B0A1AA6","venkat@squareup.com","US","RFQ"
"Singapore SGD","Auction","phani@squareup.com","2022/06/09 19:14:19.724","BUYER AUCTION","AUCTION","US","2022/06/09 19:16:52.897","E0F9F58906A3F9B6E0539696500A6C4D","phani@squareup.com","US","Auction"
"Singapore SGD","Blanket Purchase Agreement","phani@squareup.com","2022/06/09 19:14:19.829","BLANKET","PA","US","2022/06/09 19:16:52.904","E0F9F58906A3F9B6E0539696500A6C4D","phani@squareup.com","US","Blanket Purchase Agreement"
"Singapore SGD","Contract Purchase Agreement","phani@squareup.com","2022/06/09 19:14:19.997","CONTRACT","PA","US","2022/06/09 19:16:52.907","E0F9F58906A3F9B6E0539696500A6C4D","phani@squareup.com","US","Contract Purchase Agreement"
"Singapore SGD","Purchase Order","phani@squareup.com","2022/06/09 19:14:20.007","STANDARD","PO","US","2022/06/09 19:16:52.908","E0F9F58906A3F9B6E0539696500A6C4D","phani@squareup.com","US","Purchase Order"
"Singapore SGD","RFI","phani@squareup.com","2022/06/09 19:14:20.015","SOURCING RFI","SOURCING RFI","US","2022/06/09 19:16:52.911","E0F9F58906A3F9B6E0539696500A6C4D","phani@squareup.com","US","RFI"
"Singapore SGD","RFQ","phani@squareup.com","2022/06/09 19:14:20.029","SOURCING RFQ","SOURCING RFQ","US","2022/06/09 19:16:52.915","E0F9F58906A3F9B6E0539696500A6C4D","phani@squareup.com","US","RFQ"
"Netherlands","Auction","phani@squareup.com","2021/06/29 12:06:25.019","BUYER AUCTION","AUCTION","US","2021/06/29 12:08:38.2","C2E902B4A87D4FDCE053A162500A91A6","phani@squareup.com","US","Auction"
"Netherlands","RFI","phani@squareup.com","2021/06/29 12:06:25.057","SOURCING RFI","SOURCING RFI","US","2021/06/29 12:08:38.289","C2E902B4A87D4FDCE053A162500A91A6","phani@squareup.com","US","RFI"
"Netherlands","RFQ","phani@squareup.com","2021/06/29 12:06:25.063","SOURCING RFQ","SOURCING RFQ","US","2021/06/29 12:08:38.328","C2E902B4A87D4FDCE053A162500A91A6","phani@squareup.com","US","RFQ"
"Netherlands","Blanket Purchase Agreement","phani@squareup.com","2021/06/29 12:06:25.034","BLANKET","PA","US","2021/06/29 12:08:38.223","C2E902B4A87D4FDCE053A162500A91A6","phani@squareup.com","US","Blanket Purchase Agreement"
"Netherlands","Contract Purchase Agreement","phani@squareup.com","2021/06/29 12:06:25.041","CONTRACT","PA","US","2021/06/29 12:08:38.277","C2E902B4A87D4FDCE053A162500A91A6","phani@squareup.com","US","Contract Purchase Agreement"
"Netherlands","Purchase Order","phani@squareup.com","2021/06/29 12:06:25.05","STANDARD","PO","US","2021/06/29 12:08:38.285","C2E902B4A87D4FDCE053A162500A91A6","phani@squareup.com","US","Purchase Order"
"Bitcoin HW NL","Auction","sqinterface_oracle@squareup.com","2023/06/20 05:18:51.518","BUYER AUCTION","AUCTION","US","2023/06/20 05:19:53.449","FE7D9AB47A29D884E0534893500AFB35","sqinterface_oracle@squareup.com","US","Auction"
"Bitcoin HW NL","Blanket Purchase Agreement","sqinterface_oracle@squareup.com","2023/06/20 05:18:51.582","BLANKET","PA","US","2023/06/20 05:19:53.451","FE7D9AB47A29D884E0534893500AFB35","sqinterface_oracle@squareup.com","US","Blanket Purchase Agreement"
"Bitcoin HW NL","Contract Purchase Agreement","sqinterface_oracle@squareup.com","2023/06/20 05:18:51.606","CONTRACT","PA","US","2023/06/20 05:19:53.452","FE7D9AB47A29D884E0534893500AFB35","sqinterface_oracle@squareup.com","US","Contract Purchase Agreement"
"Bitcoin HW NL","Purchase Order","sqinterface_oracle@squareup.com","2023/06/20 05:18:51.613","STANDARD","PO","US","2023/06/20 05:19:53.453","FE7D9AB47A29D884E0534893500AFB35","sqinterface_oracle@squareup.com","US","Purchase Order"
"Bitcoin HW NL","RFI","sqinterface_oracle@squareup.com","2023/06/20 05:18:51.618","SOURCING RFI","SOURCING RFI","US","2023/06/20 05:19:53.456","FE7D9AB47A29D884E0534893500AFB35","sqinterface_oracle@squareup.com","US","RFI"
"Bitcoin HW NL","RFQ","sqinterface_oracle@squareup.com","2023/06/20 05:18:51.624","SOURCING RFQ","SOURCING RFQ","US","2023/06/20 05:19:53.457","FE7D9AB47A29D884E0534893500AFB35","sqinterface_oracle@squareup.com","US","RFQ"
"Sweden","Auction","shashi@squareup.com","2023/02/27 08:05:28.026","BUYER AUCTION","AUCTION","US","2023/02/27 08:07:25.266","F58B9794253BB9A2E0534893500A6529","shashi@squareup.com","US","Auction"
"Sweden","Blanket Purchase Agreement","shashi@squareup.com","2023/02/27 08:05:28.04","BLANKET","PA","US","2023/02/27 08:07:25.27","F58B9794253BB9A2E0534893500A6529","shashi@squareup.com","US","Blanket Purchase Agreement"
"Sweden","Contract Purchase Agreement","shashi@squareup.com","2023/02/27 08:05:28.054","CONTRACT","PA","US","2023/02/27 08:07:25.272","F58B9794253BB9A2E0534893500A6529","shashi@squareup.com","US","Contract Purchase Agreement"
"Sweden","Purchase Order","shashi@squareup.com","2023/02/27 08:05:28.065","STANDARD","PO","US","2023/02/27 08:07:25.275","F58B9794253BB9A2E0534893500A6529","shashi@squareup.com","US","Purchase Order"
"Sweden","RFI","shashi@squareup.com","2023/02/27 08:05:28.075","SOURCING RFI","SOURCING RFI","US","2023/02/27 08:07:25.278","F58B9794253BB9A2E0534893500A6529","shashi@squareup.com","US","RFI"
"Sweden","RFQ","shashi@squareup.com","2023/02/27 08:05:28.085","SOURCING RFQ","SOURCING RFQ","US","2023/02/27 08:07:25.281","F58B9794253BB9A2E0534893500A6529","shashi@squareup.com","US","RFQ"
"Square Financial Services (US) - 131","Auction","srimanth@squareup.com","2021/02/26 19:59:22.727","BUYER AUCTION","AUCTION","US","2021/02/26 20:07:32.962","BBD527FC822E1668E053A062500AEA1E","srimanth@squareup.com","US","Auction"
"Square Financial Services (US) - 131","Blanket Purchase Agreement","srimanth@squareup.com","2021/02/26 19:59:22.78","BLANKET","PA","US","2021/02/26 20:07:32.969","BBD527FC822E1668E053A062500AEA1E","srimanth@squareup.com","US","Blanket Purchase Agreement"
"Square Financial Services (US) - 131","Contract Purchase Agreement","srimanth@squareup.com","2021/02/26 19:59:22.842","CONTRACT","PA","US","2021/02/26 20:07:32.971","BBD527FC822E1668E053A062500AEA1E","srimanth@squareup.com","US","Contract Purchase Agreement"
"Square Financial Services (US) - 131","Purchase Order","srimanth@squareup.com","2021/02/26 19:59:22.849","STANDARD","PO","US","2021/02/26 20:07:32.973","BBD527FC822E1668E053A062500AEA1E","srimanth@squareup.com","US","Purchase Order"
"Square Financial Services (US) - 131","RFI","srimanth@squareup.com","2021/02/26 19:59:22.856","SOURCING RFI","SOURCING RFI","US","2021/02/26 20:07:32.975","BBD527FC822E1668E053A062500AEA1E","srimanth@squareup.com","US","RFI"
"Square Financial Services (US) - 131","RFQ","srimanth@squareup.com","2021/02/26 19:59:22.868","SOURCING RFQ","SOURCING RFQ","US","2021/02/26 20:07:32.977","BBD527FC822E1668E053A062500AEA1E","srimanth@squareup.com","US","RFQ"
"Global Risk Engagement B.V. (TWN) - 215","Auction","phani@squareup.com","2021/06/04 09:49:45.138","BUYER AUCTION","AUCTION","US","2021/06/04 09:56:00.18","C39972CF72BDAC1FE053A062500AF938","phani@squareup.com","US","Auction"
"Global Risk Engagement B.V. (TWN) - 215","Blanket Purchase Agreement","phani@squareup.com","2021/06/04 09:49:45.34","BLANKET","PA","US","2021/06/04 09:56:00.187","C39972CF72BDAC1FE053A062500AF938","phani@squareup.com","US","Blanket Purchase Agreement"
"Global Risk Engagement B.V. (TWN) - 215","Contract Purchase Agreement","phani@squareup.com","2021/06/04 09:49:45.52","CONTRACT","PA","US","2021/06/04 09:56:00.191","C39972CF72BDAC1FE053A062500AF938","phani@squareup.com","US","Contract Purchase Agreement"
"Global Risk Engagement B.V. (TWN) - 215","Purchase Order","phani@squareup.com","2021/06/04 09:49:45.527","STANDARD","PO","US","2021/06/04 09:56:00.194","C39972CF72BDAC1FE053A062500AF938","phani@squareup.com","US","Purchase Order"
"Global Risk Engagement B.V. (TWN) - 215","RFI","phani@squareup.com","2021/06/04 09:49:45.532","SOURCING RFI","SOURCING RFI","US","2021/06/04 09:56:00.197","C39972CF72BDAC1FE053A062500AF938","phani@squareup.com","US","RFI"
"Global Risk Engagement B.V. (TWN) - 215","RFQ","phani@squareup.com","2021/06/04 09:49:45.604","SOURCING RFQ","SOURCING RFQ","US","2021/06/04 09:56:00.199","C39972CF72BDAC1FE053A062500AF938","phani@squareup.com","US","RFQ"
"Spain","Auction","phani@squareup.com","2021/01/12 07:42:00.801","BUYER AUCTION","AUCTION","US","2021/01/12 07:46:54.434","B71C07CF1B000E75E053A062500A39E7","phani@squareup.com","US","Auction"
"Spain","Blanket Purchase Agreement","phani@squareup.com","2021/01/12 07:42:00.861","BLANKET","PA","US","2021/01/12 07:46:54.44","B71C07CF1B000E75E053A062500A39E7","phani@squareup.com","US","Blanket Purchase Agreement"
"Spain","Contract Purchase Agreement","phani@squareup.com","2021/01/12 07:42:00.925","CONTRACT","PA","US","2021/01/12 07:46:54.442","B71C07CF1B000E75E053A062500A39E7","phani@squareup.com","US","Contract Purchase Agreement"
"Spain","Purchase Order","phani@squareup.com","2021/01/12 07:42:00.934","STANDARD","PO","US","2021/01/12 07:46:54.444","B71C07CF1B000E75E053A062500A39E7","phani@squareup.com","US","Purchase Order"
"Spain","RFI","phani@squareup.com","2021/01/12 07:42:00.942","SOURCING RFI","SOURCING RFI","US","2021/01/12 07:46:54.446","B71C07CF1B000E75E053A062500A39E7","phani@squareup.com","US","RFI"
"Spain","RFQ","phani@squareup.com","2021/01/12 07:42:00.953","SOURCING RFQ","SOURCING RFQ","US","2021/01/12 07:46:54.447","B71C07CF1B000E75E053A062500A39E7","phani@squareup.com","US","RFQ"
"Canada","Auction","venkat@squareup.com","2018/06/10 21:59:28.065","BUYER AUCTION","AUCTION","US","2018/06/10 22:00:20.803","6B851F75CF33BC8BE053120C1B0A0CAA","venkat@squareup.com","US","Auction"
"Canada","Blanket Purchase Agreement","venkat@squareup.com","2018/06/10 21:59:28.11","BLANKET","PA","US","2018/06/10 22:00:20.805","6B851F75CF33BC8BE053120C1B0A0CAA","venkat@squareup.com","US","Blanket Purchase Agreement"
"Canada","Contract Purchase Agreement","venkat@squareup.com","2018/06/10 21:59:28.128","CONTRACT","PA","US","2018/06/10 22:00:20.807","6B851F75CF33BC8BE053120C1B0A0CAA","venkat@squareup.com","US","Contract Purchase Agreement"
"Canada","Purchase Order","venkat@squareup.com","2018/06/10 21:59:28.14","STANDARD","PO","US","2018/06/10 22:00:20.81","6B851F75CF33BC8BE053120C1B0A0CAA","venkat@squareup.com","US","Purchase Order"
"Canada","RFI","venkat@squareup.com","2018/06/10 21:59:28.153","SOURCING RFI","SOURCING RFI","US","2018/06/10 22:00:20.811","6B851F75CF33BC8BE053120C1B0A0CAA","venkat@squareup.com","US","RFI"
"Canada","RFQ","venkat@squareup.com","2018/06/10 21:59:28.18","SOURCING RFQ","SOURCING RFQ","US","2018/06/10 22:00:20.813","6B851F75CF33BC8BE053120C1B0A0CAA","venkat@squareup.com","US","RFQ"
"USD - International","Auction","shashi@squareup.com","2023/02/27 08:12:04.031","BUYER AUCTION","AUCTION","US","2023/02/27 08:13:39.169","F58B9794253BB9A2E0534893500A6529","shashi@squareup.com","US","Auction"
"USD - International","Blanket Purchase Agreement","shashi@squareup.com","2023/02/27 08:12:04.045","BLANKET","PA","US","2023/02/27 08:13:39.172","F58B9794253BB9A2E0534893500A6529","shashi@squareup.com","US","Blanket Purchase Agreement"
"USD - International","Contract Purchase Agreement","shashi@squareup.com","2023/02/27 08:12:04.057","CONTRACT","PA","US","2023/02/27 08:13:39.175","F58B9794253BB9A2E0534893500A6529","shashi@squareup.com","US","Contract Purchase Agreement"
"USD - International","Purchase Order","shashi@squareup.com","2023/02/27 08:12:04.072","STANDARD","PO","US","2023/02/27 08:13:39.178","F58B9794253BB9A2E0534893500A6529","shashi@squareup.com","US","Purchase Order"
"USD - International","RFI","shashi@squareup.com","2023/02/27 08:12:04.08","SOURCING RFI","SOURCING RFI","US","2023/02/27 08:13:39.181","F58B9794253BB9A2E0534893500A6529","shashi@squareup.com","US","RFI"
"USD - International","RFQ","shashi@squareup.com","2023/02/27 08:12:04.089","SOURCING RFQ","SOURCING RFQ","US","2023/02/27 08:13:39.183","F58B9794253BB9A2E0534893500A6529","shashi@squareup.com","US","RFQ"
"Bitcoin HW US","Auction","sqinterface_oracle@squareup.com","2023/06/20 05:15:21.632","BUYER AUCTION","AUCTION","US","2023/06/20 05:17:55.618","FE7D9AB47A29D884E0534893500AFB35","sqinterface_oracle@squareup.com","US","Auction"
"Bitcoin HW US","Blanket Purchase Agreement","sqinterface_oracle@squareup.com","2023/06/20 05:15:21.687","BLANKET","PA","US","2023/06/20 05:17:55.625","FE7D9AB47A29D884E0534893500AFB35","sqinterface_oracle@squareup.com","US","Blanket Purchase Agreement"
"Bitcoin HW US","Contract Purchase Agreement","sqinterface_oracle@squareup.com","2023/06/20 05:15:21.807","CONTRACT","PA","US","2023/06/20 05:17:55.628","FE7D9AB47A29D884E0534893500AFB35","sqinterface_oracle@squareup.com","US","Contract Purchase Agreement"
"Bitcoin HW US","Purchase Order","sqinterface_oracle@squareup.com","2023/06/20 05:15:21.812","STANDARD","PO","US","2023/06/20 05:17:55.629","FE7D9AB47A29D884E0534893500AFB35","sqinterface_oracle@squareup.com","US","Purchase Order"
"Bitcoin HW US","RFI","sqinterface_oracle@squareup.com","2023/06/20 05:15:21.817","SOURCING RFI","SOURCING RFI","US","2023/06/20 05:17:55.631","FE7D9AB47A29D884E0534893500AFB35","sqinterface_oracle@squareup.com","US","RFI"
"Bitcoin HW US","RFQ","sqinterface_oracle@squareup.com","2023/06/20 05:15:21.837","SOURCING RFQ","SOURCING RFQ","US","2023/06/20 05:17:55.634","FE7D9AB47A29D884E0534893500AFB35","sqinterface_oracle@squareup.com","US","RFQ"
"US","Auction","venkat@squareup.com","2018/06/10 21:53:08.395","BUYER AUCTION","AUCTION","US","2018/06/10 21:57:52.175","6B851F75CF33BC8BE053120C1B0A0CAA","venkat@squareup.com","US","Auction"
"US","Blanket Purchase Agreement","venkat@squareup.com","2018/06/10 21:53:08.507","BLANKET","PA","US","2018/06/10 21:57:52.212","6B851F75CF33BC8BE053120C1B0A0CAA","venkat@squareup.com","US","Blanket Purchase Agreement"
"US","Contract Purchase Agreement","venkat@squareup.com","2018/06/10 21:53:08.758","CONTRACT","PA","US","2018/06/10 21:57:52.215","6B851F75CF33BC8BE053120C1B0A0CAA","venkat@squareup.com","US","Contract Purchase Agreement"
"US","Purchase Order","venkat@squareup.com","2018/06/10 21:53:08.774","STANDARD","PO","US","2018/06/10 21:57:52.262","6B851F75CF33BC8BE053120C1B0A0CAA","venkat@squareup.com","US","Purchase Order"
"US","RFI","venkat@squareup.com","2018/06/10 21:53:08.797","SOURCING RFI","SOURCING RFI","US","2018/06/10 21:57:52.265","6B851F75CF33BC8BE053120C1B0A0CAA","venkat@squareup.com","US","RFI"
"US","RFQ","venkat@squareup.com","2018/06/10 21:53:08.842","SOURCING RFQ","SOURCING RFQ","US","2018/06/10 21:57:52.268","6B851F75CF33BC8BE053120C1B0A0CAA","venkat@squareup.com","US","RFQ"
"Tidal Japan","Auction","phani@squareup.com","2021/12/15 12:23:44.023","BUYER AUCTION","AUCTION","US","2021/12/15 12:24:41.381","D134D1C56025B3CCE053A162500A515D","phani@squareup.com","US","Auction"
"Tidal Japan","Blanket Purchase Agreement","phani@squareup.com","2021/12/15 12:23:44.033","BLANKET","PA","US","2021/12/15 12:24:41.383","D134D1C56025B3CCE053A162500A515D","phani@squareup.com","US","Blanket Purchase Agreement"
"Tidal Japan","Contract Purchase Agreement","phani@squareup.com","2021/12/15 12:23:44.04","CONTRACT","PA","US","2021/12/15 12:24:41.385","D134D1C56025B3CCE053A162500A515D","phani@squareup.com","US","Contract Purchase Agreement"
"Tidal Japan","Purchase Order","phani@squareup.com","2021/12/15 12:23:44.047","STANDARD","PO","US","2021/12/15 12:24:41.386","D134D1C56025B3CCE053A162500A515D","phani@squareup.com","US","Purchase Order"
"Tidal Japan","RFI","phani@squareup.com","2021/12/15 12:23:44.053","SOURCING RFI","SOURCING RFI","US","2021/12/15 12:24:41.388","D134D1C56025B3CCE053A162500A515D","phani@squareup.com","US","RFI"
"Tidal Japan","RFQ","phani@squareup.com","2021/12/15 12:23:44.059","SOURCING RFQ","SOURCING RFQ","US","2021/12/15 12:24:41.389","D134D1C56025B3CCE053A162500A515D","phani@squareup.com","US","RFQ"
"Squareup GmbH (DE) - 317","Auction","phani@squareup.com","2021/08/11 09:55:45.02","BUYER AUCTION","AUCTION","US","2021/08/11 09:59:06.679","C8656B94ACF3BC2DE053A162500A259D","phani@squareup.com","US","Auction"
"Squareup GmbH (DE) - 317","Blanket Purchase Agreement","phani@squareup.com","2021/08/11 09:55:45.031","BLANKET","PA","US","2021/08/11 09:59:06.694","C8656B94ACF3BC2DE053A162500A259D","phani@squareup.com","US","Blanket Purchase Agreement"
"Squareup GmbH (DE) - 317","Contract Purchase Agreement","phani@squareup.com","2021/08/11 09:55:45.039","CONTRACT","PA","US","2021/08/11 09:59:06.699","C8656B94ACF3BC2DE053A162500A259D","phani@squareup.com","US","Contract Purchase Agreement"
"Squareup GmbH (DE) - 317","Purchase Order","phani@squareup.com","2021/08/11 09:55:45.044","STANDARD","PO","US","2021/08/11 09:59:06.701","C8656B94ACF3BC2DE053A162500A259D","phani@squareup.com","US","Purchase Order"
"Squareup GmbH (DE) - 317","RFI","phani@squareup.com","2021/08/11 09:55:45.05","SOURCING RFI","SOURCING RFI","US","2021/08/11 09:59:06.704","C8656B94ACF3BC2DE053A162500A259D","phani@squareup.com","US","RFI"
"Squareup GmbH (DE) - 317","RFQ","phani@squareup.com","2021/08/11 09:55:45.056","SOURCING RFQ","SOURCING RFQ","US","2021/08/11 09:59:06.706","C8656B94ACF3BC2DE053A162500A259D","phani@squareup.com","US","RFQ"
"Australia","Auction","venkat@squareup.com","2018/09/28 02:54:46.408","BUYER AUCTION","AUCTION","US","2018/09/28 03:02:47.696","760586B8BB3E72EEE053120C1B0A1C3B","venkat@squareup.com","US","Auction"
"Australia","Blanket Purchase Agreement","venkat@squareup.com","2018/09/28 02:54:46.5","BLANKET","PA","US","2018/09/28 03:02:47.702","760586B8BB3E72EEE053120C1B0A1C3B","venkat@squareup.com","US","Blanket Purchase Agreement"
"Australia","Contract Purchase Agreement","venkat@squareup.com","2018/09/28 02:54:46.8","CONTRACT","PA","US","2018/09/28 03:02:47.704","760586B8BB3E72EEE053120C1B0A1C3B","venkat@squareup.com","US","Contract Purchase Agreement"
"Australia","Purchase Order","venkat@squareup.com","2018/09/28 02:54:46.81","STANDARD","PO","US","2018/09/28 03:02:47.706","760586B8BB3E72EEE053120C1B0A1C3B","venkat@squareup.com","US","Purchase Order"
"Australia","RFI","venkat@squareup.com","2018/09/28 02:54:46.821","SOURCING RFI","SOURCING RFI","US","2018/09/28 03:02:47.708","760586B8BB3E72EEE053120C1B0A1C3B","venkat@squareup.com","US","RFI"
"Australia","RFQ","venkat@squareup.com","2018/09/28 02:54:46.85","SOURCING RFQ","SOURCING RFQ","US","2018/09/28 03:02:47.711","760586B8BB3E72EEE053120C1B0A1C3B","venkat@squareup.com","US","RFQ"
"Tidal US","Auction","phani@squareup.com","2021/12/15 12:31:29.019","BUYER AUCTION","AUCTION","US","2021/12/15 12:32:01.749","D134D1C56025B3CCE053A162500A515D","phani@squareup.com","US","Auction"
"Tidal US","Blanket Purchase Agreement","phani@squareup.com","2021/12/15 12:31:29.027","BLANKET","PA","US","2021/12/15 12:32:01.751","D134D1C56025B3CCE053A162500A515D","phani@squareup.com","US","Blanket Purchase Agreement"
"Tidal US","Contract Purchase Agreement","phani@squareup.com","2021/12/15 12:31:29.034","CONTRACT","PA","US","2021/12/15 12:32:01.753","D134D1C56025B3CCE053A162500A515D","phani@squareup.com","US","Contract Purchase Agreement"
"Tidal US","Purchase Order","phani@squareup.com","2021/12/15 12:31:29.306","STANDARD","PO","US","2021/12/15 12:32:01.754","D134D1C56025B3CCE053A162500A515D","phani@squareup.com","US","Purchase Order"
"Tidal US","RFI","phani@squareup.com","2021/12/15 12:31:29.314","SOURCING RFI","SOURCING RFI","US","2021/12/15 12:32:01.755","D134D1C56025B3CCE053A162500A515D","phani@squareup.com","US","RFI"
"Tidal US","RFQ","phani@squareup.com","2021/12/15 12:31:29.319","SOURCING RFQ","SOURCING RFQ","US","2021/12/15 12:32:01.757","D134D1C56025B3CCE053A162500A515D","phani@squareup.com","US","RFQ"
"Tidal Norway","Auction","phani@squareup.com","2021/12/15 12:24:56.019","BUYER AUCTION","AUCTION","US","2021/12/15 12:25:48.821","D134D1C56025B3CCE053A162500A515D","phani@squareup.com","US","Auction"
"Tidal Norway","Blanket Purchase Agreement","phani@squareup.com","2021/12/15 12:24:56.027","BLANKET","PA","US","2021/12/15 12:25:48.823","D134D1C56025B3CCE053A162500A515D","phani@squareup.com","US","Blanket Purchase Agreement"
"Tidal Norway","Contract Purchase Agreement","phani@squareup.com","2021/12/15 12:24:56.034","CONTRACT","PA","US","2021/12/15 12:25:48.825","D134D1C56025B3CCE053A162500A515D","phani@squareup.com","US","Contract Purchase Agreement"
"Tidal Norway","Purchase Order","phani@squareup.com","2021/12/15 12:24:56.041","STANDARD","PO","US","2021/12/15 12:25:48.826","D134D1C56025B3CCE053A162500A515D","phani@squareup.com","US","Purchase Order"
"Tidal Norway","RFI","phani@squareup.com","2021/12/15 12:24:56.047","SOURCING RFI","SOURCING RFI","US","2021/12/15 12:25:48.827","D134D1C56025B3CCE053A162500A515D","phani@squareup.com","US","RFI"
"Tidal Norway","RFQ","phani@squareup.com","2021/12/15 12:24:56.052","SOURCING RFQ","SOURCING RFQ","US","2021/12/15 12:25:48.829","D134D1C56025B3CCE053A162500A515D","phani@squareup.com","US","RFQ"
"China USD","Auction","phani@squareup.com","2022/06/09 19:50:14.015","BUYER AUCTION","AUCTION","US","2022/06/09 19:51:12.776","E0F9F58906A3F9B6E0539696500A6C4D","phani@squareup.com","US","Auction"
"China USD","Blanket Purchase Agreement","phani@squareup.com","2022/06/09 19:50:14.026","BLANKET","PA","US","2022/06/09 19:51:12.779","E0F9F58906A3F9B6E0539696500A6C4D","phani@squareup.com","US","Blanket Purchase Agreement"
"China USD","Contract Purchase Agreement","phani@squareup.com","2022/06/09 19:50:14.036","CONTRACT","PA","US","2022/06/09 19:51:12.78","E0F9F58906A3F9B6E0539696500A6C4D","phani@squareup.com","US","Contract Purchase Agreement"
"China USD","Purchase Order","phani@squareup.com","2022/06/09 19:50:14.045","STANDARD","PO","US","2022/06/09 19:51:12.782","E0F9F58906A3F9B6E0539696500A6C4D","phani@squareup.com","US","Purchase Order"
"China USD","RFI","phani@squareup.com","2022/06/09 19:50:14.053","SOURCING RFI","SOURCING RFI","US","2022/06/09 19:51:12.785","E0F9F58906A3F9B6E0539696500A6C4D","phani@squareup.com","US","RFI"
"China USD","RFQ","phani@squareup.com","2022/06/09 19:50:14.061","SOURCING RFQ","SOURCING RFQ","US","2022/06/09 19:51:12.786","E0F9F58906A3F9B6E0539696500A6C4D","phani@squareup.com","US","RFQ"
"New Zealand","Auction","phani@squareup.com","2022/06/09 19:32:44.63","BUYER AUCTION","AUCTION","US","2022/06/09 19:34:17.046","E0F9F58906A3F9B6E0539696500A6C4D","phani@squareup.com","US","Auction"
"New Zealand","Blanket Purchase Agreement","phani@squareup.com","2022/06/09 19:32:44.67","BLANKET","PA","US","2022/06/09 19:34:17.054","E0F9F58906A3F9B6E0539696500A6C4D","phani@squareup.com","US","Blanket Purchase Agreement"
"New Zealand","Contract Purchase Agreement","phani@squareup.com","2022/06/09 19:32:44.707","CONTRACT","PA","US","2022/06/09 19:34:17.058","E0F9F58906A3F9B6E0539696500A6C4D","phani@squareup.com","US","Contract Purchase Agreement"
"New Zealand","Purchase Order","phani@squareup.com","2022/06/09 19:32:44.714","STANDARD","PO","US","2022/06/09 19:34:17.059","E0F9F58906A3F9B6E0539696500A6C4D","phani@squareup.com","US","Purchase Order"
"New Zealand","RFI","phani@squareup.com","2022/06/09 19:32:44.721","SOURCING RFI","SOURCING RFI","US","2022/06/09 19:34:17.063","E0F9F58906A3F9B6E0539696500A6C4D","phani@squareup.com","US","RFI"
"New Zealand","RFQ","phani@squareup.com","2022/06/09 19:32:44.727","SOURCING RFQ","SOURCING RFQ","US","2022/06/09 19:34:17.066","E0F9F58906A3F9B6E0539696500A6C4D","phani@squareup.com","US","RFQ"
"Indonesia IDR","Auction","phani@squareup.com","2022/06/09 20:00:58.025","BUYER AUCTION","AUCTION","US","2022/06/09 20:01:48.551","E0F9F58906A3F9B6E0539696500A6C4D","phani@squareup.com","US","Auction"
"Indonesia IDR","Blanket Purchase Agreement","phani@squareup.com","2022/06/09 20:00:58.036","BLANKET","PA","US","2022/06/09 20:01:48.554","E0F9F58906A3F9B6E0539696500A6C4D","phani@squareup.com","US","Blanket Purchase Agreement"
"Indonesia IDR","Contract Purchase Agreement","phani@squareup.com","2022/06/09 20:00:58.058","CONTRACT","PA","US","2022/06/09 20:01:48.556","E0F9F58906A3F9B6E0539696500A6C4D","phani@squareup.com","US","Contract Purchase Agreement"
"Indonesia IDR","Purchase Order","phani@squareup.com","2022/06/09 20:00:58.083","STANDARD","PO","US","2022/06/09 20:01:48.557","E0F9F58906A3F9B6E0539696500A6C4D","phani@squareup.com","US","Purchase Order"
"Indonesia IDR","RFI","phani@squareup.com","2022/06/09 20:00:58.094","SOURCING RFI","SOURCING RFI","US","2022/06/09 20:01:48.559","E0F9F58906A3F9B6E0539696500A6C4D","phani@squareup.com","US","RFI"
"Indonesia IDR","RFQ","phani@squareup.com","2022/06/09 20:00:58.109","SOURCING RFQ","SOURCING RFQ","US","2022/06/09 20:01:48.56","E0F9F58906A3F9B6E0539696500A6C4D","phani@squareup.com","US","RFQ"
"Tidal UK","Auction","phani@squareup.com","2021/12/15 12:30:05.02","BUYER AUCTION","AUCTION","US","2021/12/15 12:30:55.202","D134D1C56025B3CCE053A162500A515D","phani@squareup.com","US","Auction"
"Tidal UK","Blanket Purchase Agreement","phani@squareup.com","2021/12/15 12:30:05.029","BLANKET","PA","US","2021/12/15 12:30:55.204","D134D1C56025B3CCE053A162500A515D","phani@squareup.com","US","Blanket Purchase Agreement"
"Tidal UK","Contract Purchase Agreement","phani@squareup.com","2021/12/15 12:30:05.036","CONTRACT","PA","US","2021/12/15 12:30:55.206","D134D1C56025B3CCE053A162500A515D","phani@squareup.com","US","Contract Purchase Agreement"
"Tidal UK","Purchase Order","phani@squareup.com","2021/12/15 12:30:05.042","STANDARD","PO","US","2021/12/15 12:30:55.207","D134D1C56025B3CCE053A162500A515D","phani@squareup.com","US","Purchase Order"
"Tidal UK","RFI","phani@squareup.com","2021/12/15 12:30:05.049","SOURCING RFI","SOURCING RFI","US","2021/12/15 12:30:55.209","D134D1C56025B3CCE053A162500A515D","phani@squareup.com","US","RFI"
"Tidal UK","RFQ","phani@squareup.com","2021/12/15 12:30:05.054","SOURCING RFQ","SOURCING RFQ","US","2021/12/15 12:30:55.21","D134D1C56025B3CCE053A162500A515D","phani@squareup.com","US","RFQ"
"Tidal Germany","Auction","phani@squareup.com","2021/12/15 12:22:02.025","BUYER AUCTION","AUCTION","US","2021/12/15 12:22:59.194","D134D1C56025B3CCE053A162500A515D","phani@squareup.com","US","Auction"
"Tidal Germany","Blanket Purchase Agreement","phani@squareup.com","2021/12/15 12:22:02.038","BLANKET","PA","US","2021/12/15 12:22:59.199","D134D1C56025B3CCE053A162500A515D","phani@squareup.com","US","Blanket Purchase Agreement"
"Tidal Germany","Contract Purchase Agreement","phani@squareup.com","2021/12/15 12:22:02.046","CONTRACT","PA","US","2021/12/15 12:22:59.2","D134D1C56025B3CCE053A162500A515D","phani@squareup.com","US","Contract Purchase Agreement"
"Tidal Germany","Purchase Order","phani@squareup.com","2021/12/15 12:22:02.056","STANDARD","PO","US","2021/12/15 12:22:59.201","D134D1C56025B3CCE053A162500A515D","phani@squareup.com","US","Purchase Order"
"Tidal Germany","RFI","phani@squareup.com","2021/12/15 12:22:02.065","SOURCING RFI","SOURCING RFI","US","2021/12/15 12:22:59.203","D134D1C56025B3CCE053A162500A515D","phani@squareup.com","US","RFI"
"Tidal Germany","RFQ","phani@squareup.com","2021/12/15 12:22:02.074","SOURCING RFQ","SOURCING RFQ","US","2021/12/15 12:22:59.204","D134D1C56025B3CCE053A162500A515D","phani@squareup.com","US","RFQ"
"Tidal Sweden","Auction","phani@squareup.com","2021/12/15 12:28:38.018","BUYER AUCTION","AUCTION","US","2021/12/15 12:29:28.179","D134D1C56025B3CCE053A162500A515D","phani@squareup.com","US","Auction"
"Tidal Sweden","Blanket Purchase Agreement","phani@squareup.com","2021/12/15 12:28:38.026","BLANKET","PA","US","2021/12/15 12:29:28.18","D134D1C56025B3CCE053A162500A515D","phani@squareup.com","US","Blanket Purchase Agreement"
"Tidal Sweden","Contract Purchase Agreement","phani@squareup.com","2021/12/15 12:28:38.035","CONTRACT","PA","US","2021/12/15 12:29:28.182","D134D1C56025B3CCE053A162500A515D","phani@squareup.com","US","Contract Purchase Agreement"
"Tidal Sweden","Purchase Order","phani@squareup.com","2021/12/15 12:28:38.045","STANDARD","PO","US","2021/12/15 12:29:28.183","D134D1C56025B3CCE053A162500A515D","phani@squareup.com","US","Purchase Order"
"Tidal Sweden","RFI","phani@squareup.com","2021/12/15 12:28:38.053","SOURCING RFI","SOURCING RFI","US","2021/12/15 12:29:28.185","D134D1C56025B3CCE053A162500A515D","phani@squareup.com","US","RFI"
"Tidal Sweden","RFQ","phani@squareup.com","2021/12/15 12:28:38.061","SOURCING RFQ","SOURCING RFQ","US","2021/12/15 12:29:28.186","D134D1C56025B3CCE053A162500A515D","phani@squareup.com","US","RFQ"
"TIDAL Cayman","Auction","phani@squareup.com","2021/12/15 12:19:30.935","BUYER AUCTION","AUCTION","US","2021/12/15 12:21:21.401","D134D1C56025B3CCE053A162500A515D","phani@squareup.com","US","Auction"
"TIDAL Cayman","Blanket Purchase Agreement","phani@squareup.com","2021/12/15 12:19:31.132","BLANKET","PA","US","2021/12/15 12:21:21.41","D134D1C56025B3CCE053A162500A515D","phani@squareup.com","US","Blanket Purchase Agreement"
"TIDAL Cayman","Contract Purchase Agreement","phani@squareup.com","2021/12/15 12:19:31.278","CONTRACT","PA","US","2021/12/15 12:21:21.418","D134D1C56025B3CCE053A162500A515D","phani@squareup.com","US","Contract Purchase Agreement"
"TIDAL Cayman","Purchase Order","phani@squareup.com","2021/12/15 12:19:31.287","STANDARD","PO","US","2021/12/15 12:21:21.42","D134D1C56025B3CCE053A162500A515D","phani@squareup.com","US","Purchase Order"
"TIDAL Cayman","RFI","phani@squareup.com","2021/12/15 12:19:31.295","SOURCING RFI","SOURCING RFI","US","2021/12/15 12:21:21.423","D134D1C56025B3CCE053A162500A515D","phani@squareup.com","US","RFI"
"TIDAL Cayman","RFQ","phani@squareup.com","2021/12/15 12:19:31.311","SOURCING RFQ","SOURCING RFQ","US","2021/12/15 12:21:21.425","D134D1C56025B3CCE053A162500A515D","phani@squareup.com","US","RFQ"
"Tidal Spain","Auction","phani@squareup.com","2022/04/06 06:05:24.254","BUYER AUCTION","AUCTION","US","2022/04/06 06:07:13.633","DBF5E43C794F06D6E053A062500AE3F6","phani@squareup.com","US","Auction"
"Tidal Spain","Blanket Purchase Agreement","phani@squareup.com","2022/04/06 06:05:24.363","BLANKET","PA","US","2022/04/06 06:07:13.673","DBF5E43C794F06D6E053A062500AE3F6","phani@squareup.com","US","Blanket Purchase Agreement"
"Tidal Spain","Contract Purchase Agreement","phani@squareup.com","2022/04/06 06:05:24.482","CONTRACT","PA","US","2022/04/06 06:07:13.68","DBF5E43C794F06D6E053A062500AE3F6","phani@squareup.com","US","Contract Purchase Agreement"
"Tidal Spain","Purchase Order","phani@squareup.com","2022/04/06 06:05:24.49","STANDARD","PO","US","2022/04/06 06:07:13.682","DBF5E43C794F06D6E053A062500AE3F6","phani@squareup.com","US","Purchase Order"
"Tidal Spain","RFI","phani@squareup.com","2022/04/06 06:05:24.5","SOURCING RFI","SOURCING RFI","US","2022/04/06 06:07:13.687","DBF5E43C794F06D6E053A062500AE3F6","phani@squareup.com","US","RFI"
"Tidal Spain","RFQ","phani@squareup.com","2022/04/06 06:05:24.518","SOURCING RFQ","SOURCING RFQ","US","2022/04/06 06:07:13.691","DBF5E43C794F06D6E053A062500AE3F6","phani@squareup.com","US","RFQ"
"Mexico","Auction","shashi@squareup.com","2023/02/09 11:09:16.687","BUYER AUCTION","AUCTION","US","2023/02/09 11:16:57.105","F43FD2209D874A57E0539696500AAC95","shashi@squareup.com","US","Auction"
"Mexico","Blanket Purchase Agreement","shashi@squareup.com","2023/02/09 11:09:16.742","BLANKET","PA","US","2023/02/09 11:16:57.111","F43FD2209D874A57E0539696500AAC95","shashi@squareup.com","US","Blanket Purchase Agreement"
"Mexico","Contract Purchase Agreement","shashi@squareup.com","2023/02/09 11:09:16.862","CONTRACT","PA","US","2023/02/09 11:16:57.114","F43FD2209D874A57E0539696500AAC95","shashi@squareup.com","US","Contract Purchase Agreement"
"Mexico","Purchase Order","shashi@squareup.com","2023/02/09 11:09:16.867","STANDARD","PO","US","2023/02/09 11:16:57.115","F43FD2209D874A57E0539696500AAC95","shashi@squareup.com","US","Purchase Order"
"Mexico","RFI","shashi@squareup.com","2023/02/09 11:09:16.871","SOURCING RFI","SOURCING RFI","US","2023/02/09 11:16:57.117","F43FD2209D874A57E0539696500AAC95","shashi@squareup.com","US","RFI"
"Mexico","RFQ","shashi@squareup.com","2023/02/09 11:09:16.879","SOURCING RFQ","SOURCING RFQ","US","2023/02/09 11:16:57.119","F43FD2209D874A57E0539696500AAC95","shashi@squareup.com","US","RFQ"
"France","Auction","shashi@squareup.com","2023/02/27 08:00:21.745","BUYER AUCTION","AUCTION","US","2023/02/27 08:04:55.147","F58B9794253BB9A2E0534893500A6529","shashi@squareup.com","US","Auction"
"France","Blanket Purchase Agreement","shashi@squareup.com","2023/02/27 08:00:21.85","BLANKET","PA","US","2023/02/27 08:04:55.167","F58B9794253BB9A2E0534893500A6529","shashi@squareup.com","US","Blanket Purchase Agreement"
"France","Contract Purchase Agreement","shashi@squareup.com","2023/02/27 08:00:22.122","CONTRACT","PA","US","2023/02/27 08:04:55.171","F58B9794253BB9A2E0534893500A6529","shashi@squareup.com","US","Contract Purchase Agreement"
"France","Purchase Order","shashi@squareup.com","2023/02/27 08:00:22.138","STANDARD","PO","US","2023/02/27 08:04:55.174","F58B9794253BB9A2E0534893500A6529","shashi@squareup.com","US","Purchase Order"
"France","RFI","shashi@squareup.com","2023/02/27 08:00:22.162","SOURCING RFI","SOURCING RFI","US","2023/02/27 08:04:55.179","F58B9794253BB9A2E0534893500A6529","shashi@squareup.com","US","RFI"
"France","RFQ","shashi@squareup.com","2023/02/27 08:00:22.18","SOURCING RFQ","SOURCING RFQ","US","2023/02/27 08:04:55.183","F58B9794253BB9A2E0534893500A6529","shashi@squareup.com","US","RFQ"
"China","Auction","shashi@squareup.com","2023/06/12 10:04:22.501","BUYER AUCTION","AUCTION","US","2023/06/12 10:07:25.166","FDD77986A9B633F0E0539696500AC459","shashi@squareup.com","US","Auction"
"China","Blanket Purchase Agreement","shashi@squareup.com","2023/06/12 10:04:22.558","BLANKET","PA","US","2023/06/12 10:07:25.171","FDD77986A9B633F0E0539696500AC459","shashi@squareup.com","US","Blanket Purchase Agreement"
"China","Contract Purchase Agreement","shashi@squareup.com","2023/06/12 10:04:22.693","CONTRACT","PA","US","2023/06/12 10:07:25.175","FDD77986A9B633F0E0539696500AC459","shashi@squareup.com","US","Contract Purchase Agreement"
"China","Purchase Order","shashi@squareup.com","2023/06/12 10:04:22.699","STANDARD","PO","US","2023/06/12 10:07:25.176","FDD77986A9B633F0E0539696500AC459","shashi@squareup.com","US","Purchase Order"
"China","RFI","shashi@squareup.com","2023/06/12 10:04:22.706","SOURCING RFI","SOURCING RFI","US","2023/06/12 10:07:25.179","FDD77986A9B633F0E0539696500AC459","shashi@squareup.com","US","RFI"
"China","RFQ","shashi@squareup.com","2023/06/12 10:04:22.716","SOURCING RFQ","SOURCING RFQ","US","2023/06/12 10:07:25.182","FDD77986A9B633F0E0539696500AC459","shashi@squareup.com","US","RFQ"
"Japan","Auction","mukund1@squareup.com","2019/12/20 00:20:54.233","BUYER AUCTION","AUCTION","US","2019/12/20 00:43:44.908","9776BD3285B9BEB7E053140C1B0AD257","mukund1@squareup.com","US","Auction"
"Japan","Blanket Purchase Agreement","mukund1@squareup.com","2019/12/20 00:20:54.317","BLANKET","PA","US","2019/12/20 00:43:44.937","9776BD3285B9BEB7E053140C1B0AD257","mukund1@squareup.com","US","Blanket Purchase Agreement"
"Japan","Contract Purchase Agreement","mukund1@squareup.com","2019/12/20 00:20:54.473","CONTRACT","PA","US","2019/12/20 00:43:44.942","9776BD3285B9BEB7E053140C1B0AD257","mukund1@squareup.com","US","Contract Purchase Agreement"
"Japan","Purchase Order","mukund1@squareup.com","2019/12/20 00:20:54.484","STANDARD","PO","US","2019/12/20 00:43:44.944","9776BD3285B9BEB7E053140C1B0AD257","mukund1@squareup.com","US","Purchase Order"
"Japan","RFI","mukund1@squareup.com","2019/12/20 00:20:54.495","SOURCING RFI","SOURCING RFI","US","2019/12/20 00:43:44.947","9776BD3285B9BEB7E053140C1B0AD257","mukund1@squareup.com","US","RFI"
"Japan","RFQ","mukund1@squareup.com","2019/12/20 00:20:54.513","SOURCING RFQ","SOURCING RFQ","US","2019/12/20 00:43:44.95","9776BD3285B9BEB7E053140C1B0AD257","mukund1@squareup.com","US","RFQ"
"UK","Auction","venkat@squareup.com","2018/09/28 03:12:49.035","BUYER AUCTION","AUCTION","US","2018/09/28 03:13:31.386","76073F52B629B01DE053140C1B0A8806","venkat@squareup.com","US","Auction"
"UK","Blanket Purchase Agreement","venkat@squareup.com","2018/09/28 03:12:49.068","BLANKET","PA","US","2018/09/28 03:13:31.389","76073F52B629B01DE053140C1B0A8806","venkat@squareup.com","US","Blanket Purchase Agreement"
"UK","Contract Purchase Agreement","venkat@squareup.com","2018/09/28 03:12:49.079","CONTRACT","PA","US","2018/09/28 03:13:31.391","76073F52B629B01DE053140C1B0A8806","venkat@squareup.com","US","Contract Purchase Agreement"
"UK","Purchase Order","venkat@squareup.com","2018/09/28 03:12:49.091","STANDARD","PO","US","2018/09/28 03:13:31.392","76073F52B629B01DE053140C1B0A8806","venkat@squareup.com","US","Purchase Order"
"UK","RFI","venkat@squareup.com","2018/09/28 03:12:49.103","SOURCING RFI","SOURCING RFI","US","2018/09/28 03:13:31.394","76073F52B629B01DE053140C1B0A8806","venkat@squareup.com","US","RFI"
"UK","RFQ","venkat@squareup.com","2018/09/28 03:12:49.115","SOURCING RFQ","SOURCING RFQ","US","2018/09/28 03:13:31.396","76073F52B629B01DE053140C1B0A8806","venkat@squareup.com","US","RFQ"
"Lithuania","Auction","phani@squareup.com","2021/01/12 07:50:31.019","BUYER AUCTION","AUCTION","US","2021/01/12 07:52:04.183","B71C07CF1B000E75E053A062500A39E7","phani@squareup.com","US","Auction"
"Lithuania","Blanket Purchase Agreement","phani@squareup.com","2021/01/12 07:50:31.032","BLANKET","PA","US","2021/01/12 07:52:04.186","B71C07CF1B000E75E053A062500A39E7","phani@squareup.com","US","Blanket Purchase Agreement"
"Lithuania","Contract Purchase Agreement","phani@squareup.com","2021/01/12 07:50:31.04","CONTRACT","PA","US","2021/01/12 07:52:04.187","B71C07CF1B000E75E053A062500A39E7","phani@squareup.com","US","Contract Purchase Agreement"
"Lithuania","Purchase Order","phani@squareup.com","2021/01/12 07:50:31.049","STANDARD","PO","US","2021/01/12 07:52:04.188","B71C07CF1B000E75E053A062500A39E7","phani@squareup.com","US","Purchase Order"
"Lithuania","RFI","phani@squareup.com","2021/01/12 07:50:31.057","SOURCING RFI","SOURCING RFI","US","2021/01/12 07:52:04.189","B71C07CF1B000E75E053A062500A39E7","phani@squareup.com","US","RFI"
"Lithuania","RFQ","phani@squareup.com","2021/01/12 07:50:31.064","SOURCING RFQ","SOURCING RFQ","US","2021/01/12 07:52:04.191","B71C07CF1B000E75E053A062500A39E7","phani@squareup.com","US","RFQ"
"Tidal Poland","Auction","phani@squareup.com","2021/12/15 12:27:07.022","BUYER AUCTION","AUCTION","US","2021/12/15 12:27:58.059","D134D1C56025B3CCE053A162500A515D","phani@squareup.com","US","Auction"
"Tidal Poland","Blanket Purchase Agreement","phani@squareup.com","2021/12/15 12:27:07.037","BLANKET","PA","US","2021/12/15 12:27:58.061","D134D1C56025B3CCE053A162500A515D","phani@squareup.com","US","Blanket Purchase Agreement"
"Tidal Poland","Contract Purchase Agreement","phani@squareup.com","2021/12/15 12:27:07.047","CONTRACT","PA","US","2021/12/15 12:27:58.063","D134D1C56025B3CCE053A162500A515D","phani@squareup.com","US","Contract Purchase Agreement"
"Tidal Poland","Purchase Order","phani@squareup.com","2021/12/15 12:27:07.059","STANDARD","PO","US","2021/12/15 12:27:58.064","D134D1C56025B3CCE053A162500A515D","phani@squareup.com","US","Purchase Order"
"Tidal Poland","RFI","phani@squareup.com","2021/12/15 12:27:07.069","SOURCING RFI","SOURCING RFI","US","2021/12/15 12:27:58.065","D134D1C56025B3CCE053A162500A515D","phani@squareup.com","US","RFI"
"Tidal Poland","RFQ","phani@squareup.com","2021/12/15 12:27:07.078","SOURCING RFQ","SOURCING RFQ","US","2021/12/15 12:27:58.067","D134D1C56025B3CCE053A162500A515D","phani@squareup.com","US","RFQ"
"Proto Global, LLC - 163","Auction","block_hbs_admin@block.xyz","2025/04/03 18:49:39.382","BUYER AUCTION","AUCTION","US","2025/04/03 19:00:39.134","31CA721384AE0744E0634893500A784B","block_hbs_admin@block.xyz","US","Auction"
"Proto Global, LLC - 163","Blanket Purchase Agreement","block_hbs_admin@block.xyz","2025/04/03 18:49:39.457","BLANKET","PA","US","2025/04/03 19:00:39.142","31CA721384AE0744E0634893500A784B","block_hbs_admin@block.xyz","US","Blanket Purchase Agreement"
"Proto Global, LLC - 163","Contract Purchase Agreement","block_hbs_admin@block.xyz","2025/04/03 18:49:39.559","CONTRACT","PA","US","2025/04/03 19:00:39.146","31CA721384AE0744E0634893500A784B","block_hbs_admin@block.xyz","US","Contract Purchase Agreement"
"Proto Global, LLC - 163","Purchase Order","block_hbs_admin@block.xyz","2025/04/03 18:49:39.565","STANDARD","PO","US","2025/04/03 19:00:39.147","31CA721384AE0744E0634893500A784B","block_hbs_admin@block.xyz","US","Purchase Order"
"Proto Global, LLC - 163","RFI","block_hbs_admin@block.xyz","2025/04/03 18:49:39.572","SOURCING RFI","SOURCING RFI","US","2025/04/03 19:00:39.151","31CA721384AE0744E0634893500A784B","block_hbs_admin@block.xyz","US","RFI"
"Proto Global, LLC - 163","RFQ","block_hbs_admin@block.xyz","2025/04/03 18:49:39.581","SOURCING RFQ","SOURCING RFQ","US","2025/04/03 19:00:39.154","31CA721384AE0744E0634893500A784B","block_hbs_admin@block.xyz","US","RFQ"
